,target,maxR2-0,AbsDiffs-0,RelDiffs-0,maxR2-1,AbsDiffs-1,RelDiffs-1,maxR2-2,AbsDiffs-2,RelDiffs-2,maxR2-3,AbsDiffs-3,RelDiffs-3,maxR2-4,AbsDiffs-4,RelDiffs-4,maxR2-5,AbsDiffs-5,RelDiffs-5,maxR2-6,AbsDiffs-6,RelDiffs-6,maxR2-7,AbsDiffs-7,RelDiffs-7,maxR2-8,AbsDiffs-8,RelDiffs-8,maxR2-9,AbsDiffs-9,RelDiffs-9
0,0.0,0.0,0.0,0.0,0.0,0.0,0.0,0.0,0.0,0.0,0.0,0.0,0.0,0.0,0.0,0.0,0.0,0.0,0.0,0.0,0.0,0.0,0.0,0.0,0.0,0.0,0.0,0.0,0.0,0.0,0.0
1,0.491,0.5450900000000001,0.05409000000000008,0.0,0.51958,0.02858000000000005,0.0,0.42100000000000004,-0.06999999999999995,0.0,0.42889999999999984,-0.062100000000000155,0.0,0.3711,-0.1199,0.0,0.54843,0.05742999999999998,0.0,0.40708999999999995,-0.08391000000000004,0.0,0.47058,-0.020419999999999994,0.0,0.2663,-0.2247,0.0,0.3969099999999999,-0.09409000000000012,0.0
2,0.746,0.7331300000000001,-0.012869999999999937,0.0,0.9008,0.15480000000000005,0.0,0.87983,0.13383,0.0,0.89735,0.15134999999999998,0.0,0.8033600000000001,0.05736000000000008,0.0,0.7448599999999999,-0.001140000000000141,0.0,0.8786499999999999,0.13264999999999993,0.0,0.722009,-0.023990999999999985,0.0,0.21439999999999992,-0.5316000000000001,0.0,0.5013799999999999,-0.24462000000000006,0.0
3,0.542,0.46767000000000003,-0.07433000000000001,0.0,0.50625,-0.03575000000000006,0.0,0.49950000000000006,-0.04249999999999998,0.0,0.5071999999999999,-0.034800000000000164,0.0,0.4355,-0.10650000000000004,0.0,0.47085999999999995,-0.07114000000000009,0.0,0.46369000000000005,-0.07830999999999999,0.0,0.41229,-0.12971000000000005,0.0,0.23530000000000006,-0.3067,0.0,0.36266999999999994,-0.1793300000000001,0.0
4,1.195,1.22079,0.02578999999999998,0.021581589958158977,1.1579,-0.03710000000000013,-0.03104602510460262,0.91867,-0.2763300000000001,-0.23123849372384941,0.9351999999999999,-0.25980000000000014,-0.21740585774058588,0.8344100000000001,-0.36058999999999997,-0.3017489539748954,1.22481,0.029809999999999892,0.024945606694560578,0.91065,-0.2843500000000001,-0.23794979079497916,1.02583,-0.16917000000000004,-0.14156485355648538,0.6587000000000001,-0.5363,-0.44878661087866106,0.9177199999999999,-0.2772800000000002,-0.23203347280334743
5,1.17,1.1692500000000001,-0.0007499999999998064,-0.0006410256410254756,1.3159,0.14590000000000014,0.12470085470085483,1.22644,0.056440000000000046,0.04823931623931628,1.25145,0.08145000000000002,0.06961538461538463,1.09017,-0.07982999999999985,-0.06823076923076911,1.18676,0.016760000000000108,0.014324786324786417,1.20509,0.035090000000000066,0.02999145299145305,1.12938,-0.04061999999999988,-0.034717948717948616,0.375,-0.7949999999999999,-0.6794871794871795,0.78511,-0.38488999999999995,-0.3289658119658119
6,1.057,1.0300580000000001,-0.0269419999999998,-0.025489120151371617,1.0263,-0.03069999999999995,-0.029044465468306482,0.91017,-0.1468299999999999,-0.13891201513718063,0.9267099999999999,-0.13029000000000002,-0.12326395458845792,0.7952800000000001,-0.26171999999999984,-0.2476064333017974,1.037434,-0.019565999999999972,-0.01851087984862817,0.86023,-0.1967699999999999,-0.1861589403973509,0.89205,-0.16494999999999993,-0.15605487228003778,0.5049999999999999,-0.552,-0.522232734153264,0.7614399999999999,-0.29556000000000004,-0.2796215704824977
7,1.183,1.29234,0.10933999999999999,0.09242603550295857,1.444,0.2609999999999999,0.2206255283178359,1.677936,0.49493600000000004,0.4183736263736264,1.713498,0.5304979999999999,0.4484344885883346,1.5358850000000002,0.3528850000000001,0.2982967032967034,1.3222999999999998,0.13929999999999976,0.11775147928994062,1.67397,0.4909699999999999,0.4150211327134403,1.31197,0.12897000000000003,0.10901944209636519,0.14900000000000002,-1.034,-0.8740490278951817,0.6822499999999999,-0.5007500000000001,-0.4232882502113272
8,1.084,0.9324300000000001,-0.15156999999999998,-0.13982472324723244,1.0067,-0.07730000000000015,-0.07130996309963113,0.99924,-0.08476000000000006,-0.07819188191881923,1.01331,-0.07069000000000014,-0.06521217712177134,0.8647500000000001,-0.21924999999999994,-0.20226014760147595,0.9395199999999999,-0.14448000000000016,-0.13328413284132856,0.92364,-0.16036000000000006,-0.1479335793357934,0.822986,-0.2610140000000001,-0.24078782287822884,0.46950000000000003,-0.6145,-0.5668819188191881,0.7258199999999999,-0.35818000000000016,-0.33042435424354255
9,1.261,1.49343,0.23243000000000014,0.18432196669310083,1.5458,0.28480000000000016,0.2258524980174466,1.52979,0.2687900000000001,0.21315622521808097,1.563588,0.3025880000000001,0.239958762886598,1.33637,0.07537000000000016,0.05977002379064248,1.52027,0.2592700000000001,0.20560666137985736,1.49467,0.23367000000000004,0.18530531324345761,1.52887,0.26787000000000005,0.21242664551942908,0.37359999999999993,-0.8874,-0.7037272006344172,0.8536699999999999,-0.40732999999999997,-0.3230214115781126
10,1.089,0.9378000000000001,-0.1511999999999999,-0.13884297520661149,1.0064,-0.0826,-0.0758494031221304,0.9971300000000001,-0.0918699999999999,-0.08436179981634517,1.01311,-0.07589000000000001,-0.06968778696051425,0.8677300000000001,-0.22126999999999986,-0.2031864095500458,0.94475,-0.14425,-0.13246097337006427,0.92486,-0.16413999999999995,-0.1507254361799816,0.823747,-0.26525299999999996,-0.243574839302112,0.47029999999999994,-0.6187,-0.5681359044995409,0.7237799999999999,-0.3652200000000001,-0.33537190082644636
11,0.679,0.78623,0.10722999999999994,0.0,0.8846,0.2056,0.0,0.7768,0.0978,0.0,0.7931799999999999,0.11417999999999984,0.0,0.71613,0.037129999999999996,0.0,0.8012199999999999,0.12221999999999988,0.0,0.80377,0.12476999999999994,0.0,0.769701,0.09070099999999992,0.0,0.20229999999999992,-0.4767000000000001,0.0,0.49393999999999993,-0.1850600000000001,0.0
12,1.27,1.18609,-0.08390999999999993,-0.06607086614173223,1.3909,0.12090000000000001,0.0951968503937008,1.3760400000000002,0.10604000000000013,0.08349606299212609,1.39975,0.12975000000000003,0.10216535433070868,1.23116,-0.038839999999999986,-0.03058267716535432,1.20228,-0.06772,-0.053322834645669295,1.3369469999999999,0.06694699999999987,0.05271417322834635,1.1282,-0.14179999999999993,-0.11165354330708656,0.4357,-0.8343,-0.6569291338582678,0.8499299999999999,-0.42007000000000017,-0.3307637795275592
13,0.929,0.9806130000000001,0.05161300000000002,0.0,1.1343,0.20530000000000004,0.0,1.2635100000000001,0.3345100000000001,0.0,1.28687,0.3578699999999999,0.0,1.15733,0.22832999999999992,0.0,1.002789,0.07378899999999988,0.0,1.27377,0.34477,0.0,0.9966200000000001,0.06762000000000001,0.0,0.14270000000000005,-0.7863,0.0,0.5495899999999999,-0.37941000000000014,0.0
14,1.257,1.20022,-0.05677999999999983,-0.04517104216388213,1.3712,0.11420000000000008,0.09085123309466991,1.33805,0.08105000000000007,0.06447891805887039,1.36167,0.10467000000000004,0.0832696897374702,1.19354,-0.06345999999999985,-0.050485282418456526,1.21665,-0.040349999999999886,-0.032100238663484396,1.300207,0.043206999999999995,0.03437311058074781,1.13668,-0.12031999999999998,-0.09571996817820207,0.41859999999999986,-0.8384,-0.6669848846459826,0.8333999999999999,-0.4236,-0.33699284009546543
15,1.128,1.144921,0.016921000000000186,0.015000886524822862,1.2647,0.13670000000000004,0.1211879432624114,1.16666,0.03866000000000014,0.0342730496453902,1.1909399999999999,0.06294,0.05579787234042553,1.0346600000000001,-0.09333999999999976,-0.0827482269503544,1.1624759999999998,0.03447599999999995,0.030563829787234,1.15345,0.025450000000000195,0.022562056737588827,1.11943,-0.008569999999999967,-0.007597517730496425,0.31800000000000006,-0.8099999999999998,-0.7180851063829786,0.72854,-0.3994599999999999,-0.35413120567375883
16,1.047,1.005293,-0.04170699999999994,-0.03983476599808972,1.0291,-0.017900000000000027,-0.01709646609360079,0.93943,-0.10756999999999994,-0.10274116523400187,0.9542799999999999,-0.09272000000000002,-0.08855778414517672,0.82337,-0.22362999999999988,-0.21359121298949368,1.0120069999999999,-0.03499300000000005,-0.0334221585482331,0.88654,-0.16045999999999994,-0.15325692454632278,0.88209,-0.1649099999999999,-0.15750716332378215,0.5042,-0.5428,-0.5184336198662846,0.7591899999999999,-0.28781,-0.2748901623686724
17,1.37,1.3449,-0.025100000000000122,-0.018321167883211767,1.4956,0.12559999999999993,0.09167883211678826,1.6600903,0.2900902999999999,0.21174474452554737,1.692284,0.3222839999999998,0.2352437956204378,1.4710800000000002,0.10108000000000006,0.07378102189781026,1.3727099999999999,0.002709999999999768,0.0019781021897808523,1.60737,0.23736999999999986,0.17326277372262763,1.3519999999999999,-0.018000000000000238,-0.013138686131387033,0.24970000000000003,-1.1203,-0.8177372262773722,0.77301,-0.5969900000000001,-0.4357591240875913
18,1.368,1.3952200000000001,0.027220000000000022,0.019897660818713466,1.5054,0.13739999999999997,0.10043859649122804,1.3052700000000002,-0.06272999999999995,-0.0458552631578947,1.3297299999999999,-0.03827000000000025,-0.02797514619883059,1.19459,-0.17341000000000006,-0.1267616959064328,1.4108999999999998,0.042899999999999716,0.03135964912280681,1.321418,-0.04658200000000012,-0.03405116959064336,1.27175,-0.09625000000000017,-0.07035818713450304,0.5558000000000001,-0.8122,-0.5937134502923976,0.9882299999999999,-0.37977000000000016,-0.2776096491228071
19,1.181,1.143451,-0.037549000000000055,-0.03179424216765458,1.1137,-0.06730000000000014,-0.05698560541913644,0.9455100000000001,-0.23548999999999998,-0.19939881456392886,0.9616999999999999,-0.21930000000000016,-0.18569009314140572,0.8469000000000001,-0.33409999999999995,-0.28289585097375103,1.1491859999999998,-0.03181400000000023,-0.026938187976291474,0.91674,-0.26426000000000005,-0.22375952582557157,0.96591,-0.21509,-0.18212531752751904,0.6039999999999999,-0.5770000000000002,-0.4885690093141407,0.8614899999999999,-0.3195100000000002,-0.27054191363251495
20,0.888,1.026275,0.13827500000000004,0.0,1.1202,0.23220000000000007,0.0,1.19588,0.30788000000000004,0.0,1.21672,0.32872,0.0,1.10148,0.21348,0.0,1.0503859999999998,0.1623859999999998,0.0,1.219,0.33100000000000007,0.0,1.0386,0.15059999999999996,0.0,0.13819999999999988,-0.7498000000000001,0.0,0.5465099999999999,-0.34149000000000007,0.0
21,2.381,2.1414,-0.2395999999999998,-0.10062998740025192,2.2187,-0.16229999999999967,-0.06816463670726572,1.47013,-0.9108699999999998,-0.3825577488450231,1.48756,-0.8934399999999998,-0.3752372952540949,1.80169,-0.5793099999999998,-0.24330533389332207,2.1506999999999996,-0.23030000000000017,-0.0967240655186897,1.92344,-0.45755999999999974,-0.19217135657286846,2.08374,-0.29725999999999964,-0.12484670306593854,1.59266,-0.7883399999999998,-0.33109617807643843,1.88334,-0.49765999999999977,-0.20901301973960512
22,1.011,0.91683,-0.09416999999999986,-0.09314540059347169,0.9808000000000001,-0.030199999999999783,-0.029871414441147166,0.88879,-0.12220999999999993,-0.12088031651829866,0.90555,-0.10544999999999993,-0.10430267062314534,0.7735600000000001,-0.23743999999999976,-0.23485657764589493,0.9239999999999999,-0.08699999999999997,-0.08605341246290799,0.83417,-0.17682999999999993,-0.17490603363006918,0.830362,-0.18063799999999985,-0.17867260138476743,0.44479999999999986,-0.5662,-0.5600395647873394,0.7077799999999999,-0.30322000000000005,-0.29992087042532156
23,1.421,1.4149100000000001,-0.006089999999999929,-0.004285714285714236,1.5518,0.13080000000000003,0.09204785362420832,1.3561,-0.06489999999999996,-0.045672061928219536,1.38031,-0.040690000000000115,-0.028634764250527876,1.24805,-0.17294999999999994,-0.12171006333567905,1.42851,0.007509999999999906,0.00528501055594645,1.3650239,-0.055976100000000084,-0.03939204785362427,1.2782900000000001,-0.1427099999999999,-0.10042927515833912,0.6071,-0.8139000000000001,-0.5727656579873329,1.037764,-0.38323600000000013,-0.26969458128078827
24,1.611,1.57761,-0.03339000000000003,-0.02072625698324024,1.7443000000000002,0.1333000000000002,0.08274363749224097,1.78572,0.17472,0.10845437616387336,1.8204099999999999,0.20940999999999987,0.12998758535071375,1.6350770000000001,0.024077000000000126,0.014945375543140984,1.6013099999999998,-0.009690000000000198,-0.006014897579143513,1.78411,0.1731100000000001,0.10745499689633774,1.48788,-0.1231199999999999,-0.07642458100558652,0.48019999999999996,-1.1308,-0.7019242706393545,1.028937,-0.582063,-0.36130540037243947
25,1.699,1.52134,-0.17766000000000015,-0.10456739258387295,1.5732,-0.12580000000000013,-0.07404355503237206,1.41441,-0.2845900000000001,-0.1675044143613891,1.43831,-0.2606900000000001,-0.15343731606827551,1.24796,-0.4510400000000001,-0.265473808122425,1.53084,-0.1681600000000001,-0.0989758681577399,1.343393,-0.355607,-0.2093037080635668,1.32754,-0.3714600000000001,-0.21863449087698653,0.7847999999999999,-0.9142000000000001,-0.5380812242495586,1.1703249999999998,-0.5286750000000002,-0.31116833431430263
26,2.412,2.1466000000000003,-0.26539999999999964,-0.11003316749585391,2.2339,-0.1780999999999997,-0.07383913764510767,1.46613,-0.94587,-0.39215174129353236,1.48457,-0.92743,-0.3845066334991708,1.80889,-0.6031099999999998,-0.25004560530679926,2.1550000000000002,-0.2569999999999997,-0.10655058043117731,1.93362,-0.47838,-0.19833333333333336,2.08464,-0.3273600000000001,-0.13572139303482592,1.60462,-0.80738,-0.3347346600331675,1.89787,-0.51413,-0.21315505804311774
27,2.669,2.8151,0.14610000000000012,0.05473960284750847,2.5502000000000002,-0.1187999999999998,-0.044511052828774746,1.84158,-0.82742,-0.31001124016485576,1.86184,-0.8071600000000001,-0.30242038216560513,2.0175,-0.6515,-0.2440989134507306,2.8318,0.16279999999999983,0.06099662795054321,2.15673,-0.51227,-0.1919333083551892,2.72204,0.053039999999999754,0.01987261146496806,1.8239165,-0.8450835000000001,-0.3166292618958412,2.1849,-0.4841000000000002,-0.18137879355563888
28,1.531,1.29614,-0.23485999999999985,-0.15340300457217496,1.4442,-0.08679999999999999,-0.05669497060744611,1.36112,-0.1698799999999998,-0.11096015676028728,1.3852099999999998,-0.1457900000000001,-0.09522534291312873,1.17597,-0.35502999999999996,-0.23189418680600912,1.30566,-0.22533999999999987,-0.14718484650555186,1.26703,-0.2639699999999998,-0.1724167210973219,1.18925,-0.34175,-0.22322011757021556,0.6232,-0.9077999999999999,-0.5929457870672763,1.009896,-0.521104,-0.3403683866753756
29,2.608,2.1455,-0.4624999999999999,-0.17733895705521469,2.2952000000000004,-0.31279999999999974,-0.11993865030674837,1.586934,-1.021066,-0.391513036809816,1.6066509999999998,-1.0013490000000003,-0.383952837423313,1.88559,-0.72241,-0.27699769938650304,2.1513999999999998,-0.45660000000000034,-0.17507668711656454,2.0114,-0.5966,-0.22875766871165645,2.06634,-0.5416600000000003,-0.20769171779141113,1.64824,-0.9597600000000002,-0.3680061349693252,1.94878,-0.6592200000000001,-0.25276840490797553
30,3.153,2.6298000000000004,-0.5231999999999997,-0.16593720266412929,2.7889999999999997,-0.3640000000000003,-0.11544560735807179,1.98297,-1.1700300000000001,-0.37108468125594674,2.00596,-1.14704,-0.3637932128131938,2.2584600000000004,-0.8945399999999997,-0.28371075166508075,2.6395,-0.5135000000000001,-0.162860767522994,2.4237,-0.7292999999999998,-0.23130352045670785,2.49224,-0.6607600000000002,-0.20956549318109743,1.87563,-1.2773700000000001,-0.40512844909609896,2.3011999999999997,-0.8518000000000003,-0.27015540754836675
31,2.923,2.6038,-0.31919999999999993,-0.10920287375983576,2.6079,-0.31510000000000016,-0.10780020526855975,1.91031,-1.01269,-0.3464556962025317,1.93489,-0.98811,-0.3380465275401984,2.13219,-0.79081,-0.2705473828258638,2.6167,-0.30630000000000024,-0.10478959972630866,2.2767,-0.6463000000000001,-0.2211084502223743,2.49514,-0.4278599999999999,-0.1463770099213137,1.755727,-1.167273,-0.39934074580910023,2.1567999999999996,-0.7662000000000004,-0.26212795073554584
32,1.876,1.71689,-0.15910999999999986,-0.08481343283582082,1.7034,-0.17259999999999986,-0.09200426439232402,1.47125,-0.40474999999999994,-0.21575159914712153,1.49532,-0.3806799999999999,-0.20292110874200422,1.3222900000000002,-0.5537099999999997,-0.2951545842217483,1.7244599999999999,-0.15154,-0.08077825159914713,1.427395,-0.4486049999999999,-0.2391284648187633,1.45302,-0.4229799999999999,-0.22546908315565029,0.9351999999999999,-0.9408,-0.5014925373134328,1.32093,-0.55507,-0.2958795309168443
33,3.011,2.6193,-0.39170000000000016,-0.1300896712055796,2.8007,-0.21030000000000015,-0.06984390567917641,1.726205,-1.2847950000000001,-0.42670043175024913,1.7494129999999999,-1.2615870000000002,-0.4189926934573232,2.22224,-0.7887599999999999,-0.26195948189970103,2.628,-0.383,-0.12720026569246098,2.404,-0.6070000000000002,-0.20159415476585857,2.53344,-0.47756,-0.15860511457987378,1.94833,-1.0626700000000002,-0.3529292593822651,2.3399,-0.6711,-0.22288276320159417
34,3.129,3.1776,0.04859999999999998,0.015532118887823578,2.7111,-0.41789999999999994,-0.13355704697986576,2.04921,-1.07979,-0.3450910834132311,2.08505,-1.0439500000000002,-0.33363694471077027,2.0539300000000003,-1.0750699999999997,-0.34358261425375514,3.2012,0.07220000000000004,0.023074464685202953,2.22387,-0.9051300000000002,-0.28927133269415156,3.0991400000000002,-0.029859999999999776,-0.009542984979226518,1.791836,-1.337164,-0.4273454777884308,2.2413999999999996,-0.8876000000000004,-0.2836689038031321
35,2.963,2.5496,-0.4134000000000002,-0.1395207559905502,2.6854000000000005,-0.2775999999999996,-0.09368882888963875,1.91187,-1.0511300000000001,-0.3547519406007425,1.9318199999999999,-1.0311800000000002,-0.348018899763753,2.21095,-0.7520500000000001,-0.2538137023287209,2.5618,-0.4012000000000002,-0.13540330745865684,2.3677,-0.5952999999999999,-0.20091123860951735,2.45274,-0.5102600000000002,-0.17221059736753294,1.788478,-1.174522,-0.39639622004724945,2.1982,-0.7648000000000001,-0.2581167735403308
36,3.588,3.0342000000000002,-0.5537999999999998,-0.15434782608695646,3.1807999999999996,-0.40720000000000045,-0.11348940914158318,2.0578,-1.5302000000000002,-0.4264771460423635,2.09259,-1.4954100000000001,-0.41678093645484954,2.4976000000000003,-1.0903999999999998,-0.303901895206243,3.0461,-0.5419,-0.15103121516164997,2.7192,-0.8688000000000002,-0.2421404682274248,2.89234,-0.6956600000000002,-0.19388517279821632,2.0998099999999997,-1.4881900000000003,-0.41476867335562995,2.6052999999999997,-0.9827000000000004,-0.2738851727982164
37,3.323,2.8440000000000003,-0.47899999999999965,-0.14414685525127885,2.9711,-0.3519000000000001,-0.10589828468251583,2.08733,-1.2356699999999998,-0.37185374661450493,2.11156,-1.21144,-0.36456214264219083,2.36271,-0.9602900000000001,-0.288982846825158,2.8524,-0.47060000000000013,-0.14161901895877224,2.534,-0.7890000000000001,-0.23743605176045746,2.64354,-0.6794600000000002,-0.20447186277460133,2.07634,-1.2466599999999999,-0.3751609990972013,2.5126,-0.8104,-0.24387601564851039
38,3.093,2.5939,-0.4990999999999999,-0.1613643711606854,2.7518000000000002,-0.3411999999999997,-0.11031361138053661,2.00698,-1.08602,-0.35112188813449724,2.03252,-1.06048,-0.34286453281603624,2.24951,-0.8434900000000001,-0.2727093436792758,2.6041,-0.4889000000000001,-0.15806660200452638,2.4093,-0.6837,-0.22104752667313288,2.47084,-0.62216,-0.20115098609763984,1.8330967,-1.2599033,-0.40734021985127705,2.2656,-0.8273999999999999,-0.2675072744907856
39,3.101,2.5831,-0.5179,-0.16701064172847468,2.7619,-0.3391000000000002,-0.10935182199290558,2.0734500000000002,-1.0275499999999997,-0.3313608513382779,2.09902,-1.00198,-0.3231151241534989,2.30164,-0.7993600000000001,-0.2577749113189294,2.594,-0.5070000000000001,-0.16349564656562404,2.455,-0.6459999999999999,-0.20831989680748142,2.46574,-0.6352600000000002,-0.204856497903902,1.841995,-1.259005,-0.4059996775233795,2.2689,-0.8321000000000001,-0.2683327958722993
40,2.959,3.3327,0.3736999999999999,0.1262926664413653,3.0129,0.05390000000000006,0.018215613382899648,1.92411,-1.03489,-0.349743156471781,1.95973,-0.9992700000000001,-0.3377053058465698,2.16309,-0.7959100000000001,-0.26897938492734036,3.3516,0.39259999999999984,0.13267995944575864,2.3731999999999998,-0.5858000000000003,-0.19797228793511332,3.2317400000000003,0.2727400000000002,0.09217303142953708,2.11082,-0.8481800000000002,-0.2866441365326124,2.5659,-0.3931,-0.13284893545116594
41,3.153,3.2516000000000003,0.09860000000000024,0.0312718046305107,2.9313000000000002,-0.2216999999999998,-0.07031398667935293,2.2998000000000003,-0.8531999999999997,-0.27059942911512835,2.3359,-0.8170999999999999,-0.2591500158579131,2.38064,-0.7723599999999999,-0.2449603552172534,3.2776,0.12460000000000004,0.039517919441801476,2.552,-0.601,-0.19061211544560736,3.12144,-0.03155999999999981,-0.01000951474785912,1.883882,-1.269118,-0.4025112591183,2.3893,-0.7637,-0.24221376466856964
42,3.193,3.2665,0.07350000000000012,0.023019104290635802,2.9581999999999997,-0.23480000000000034,-0.07353585969307871,2.28961,-0.9033899999999999,-0.28292828061384273,2.31876,-0.8742399999999999,-0.2737989351706858,2.34478,-0.84822,-0.2656498590667084,3.2889,0.09589999999999987,0.030034450360162817,2.5078,-0.6852,-0.21459442530535547,3.1229400000000003,-0.07005999999999979,-0.021941747572815466,1.99115,-1.20185,-0.37640150328844346,2.4705,-0.7225000000000001,-0.22627622925148766
43,1.466,1.53997,0.07397000000000009,0.050457025920873186,1.7691999999999999,0.3031999999999999,0.20682128240109135,2.15985,0.6938500000000001,0.4732946793997272,2.20084,0.7348399999999999,0.5012551159618008,1.96384,0.49784000000000006,0.3395907230559346,1.57734,0.11134,0.0759481582537517,2.12793,0.6619300000000001,0.45152114597544346,1.57982,0.11382000000000003,0.0776398362892224,0.1439999999999999,-1.322,-0.9017735334242838,0.8069299999999999,-0.65907,-0.4495702592087313
44,3.375,3.3325,-0.04249999999999998,-0.012592592592592588,3.1688,-0.20619999999999994,-0.06109629629629628,2.3979,-0.9771000000000001,-0.2895111111111111,2.42839,-0.9466100000000002,-0.2804770370370371,2.5388100000000002,-0.8361899999999998,-0.24775999999999992,3.3504,-0.024599999999999955,-0.007288888888888876,2.7206,-0.6543999999999999,-0.19389629629629626,3.17124,-0.20375999999999994,-0.060373333333333314,2.15214,-1.2228599999999998,-0.36232888888888887,2.6498,-0.7252000000000001,-0.2148740740740741
45,3.443,3.4911,0.04809999999999981,0.013970374673250017,3.2634999999999996,-0.17950000000000044,-0.05213476619227431,2.7811000000000003,-0.6618999999999997,-0.19224513505663657,2.8207,-0.6223000000000001,-0.18074353761254722,2.8231,-0.6198999999999999,-0.18004647110078417,3.5249,0.08190000000000008,0.02378739471391231,3.0234,-0.4196,-0.12187046180656404,3.38184,-0.0611600000000001,-0.017763578274760414,1.884243,-1.5587570000000002,-0.4527322102817311,2.5186,-0.9243999999999999,-0.26848678478071447
46,2.531,2.0757000000000003,-0.4552999999999998,-0.17988937178980632,2.2039999999999997,-0.3270000000000004,-0.12919794547609656,1.591024,-0.9399760000000001,-0.3713852232319242,1.60458,-0.9264200000000002,-0.3660292374555512,1.85471,-0.6762900000000001,-0.2672026866851047,2.083,-0.44799999999999995,-0.17700513630975895,1.97066,-0.5603400000000001,-0.22139075464243382,2.01524,-0.5157600000000002,-0.2037771631766101,1.5792599999999999,-0.9517400000000003,-0.37603318846305817,1.86564,-0.6653600000000002,-0.26288423548004747
47,3.021,3.2384,0.21740000000000004,0.071962926183383,2.9325,-0.0884999999999998,-0.029294935451837076,2.26696,-0.7540399999999998,-0.24959947037404828,2.29735,-0.7236500000000001,-0.23953988745448532,2.36612,-0.6548799999999999,-0.2167759020191989,3.2632,0.24219999999999997,0.08017212843429328,2.5383,-0.4826999999999999,-0.15978152929493541,3.11864,0.09764000000000017,0.032320423700761394,1.908472,-1.112528,-0.3682648129758358,2.4019,-0.6191,-0.2049321416749421
48,2.664,2.774,0.10999999999999988,0.04129129129129124,2.4627,-0.20130000000000026,-0.07556306306306315,1.82313,-0.8408700000000002,-0.31564189189189196,1.8511499999999999,-0.8128500000000003,-0.30512387387387396,1.9378000000000002,-0.7262,-0.27259759759759755,2.7929,0.1288999999999998,0.048385885885885806,2.07836,-0.5856400000000002,-0.21983483483483487,2.69874,0.03473999999999977,0.013040540540540454,1.72133,-0.9426700000000001,-0.35385510510510515,2.08961,-0.5743900000000002,-0.2156118618618619
49,2.487,2.8040000000000003,0.31700000000000017,0.12746280659429038,2.4466,-0.04039999999999999,-0.016244471250502608,1.716623,-0.7703770000000001,-0.3097615601125855,1.746865,-0.7401350000000002,-0.2976015279453157,1.856,-0.631,-0.253719340570969,2.824,0.33699999999999974,0.13550462404503408,2.00131,-0.48568999999999996,-0.19529151588258944,2.73634,0.24934000000000012,0.10025733815842384,1.732551,-0.7544490000000001,-0.30335705669481305,2.09267,-0.39433000000000007,-0.1585564937675915
50,1.644,1.60554,-0.03845999999999994,-0.02339416058394157,1.9496,0.3056000000000001,0.18588807785888084,1.7880500000000001,0.14405000000000023,0.08762165450121669,1.82091,0.17691000000000012,0.10760948905109498,1.648606,0.00460600000000011,0.0028017031630170985,1.62866,-0.01533999999999991,-0.009330900243308947,1.81362,0.1696200000000001,0.10317518248175189,1.53164,-0.11236000000000002,-0.068345498783455,0.5519000000000001,-1.0920999999999998,-0.664294403892944,1.155911,-0.488089,-0.2968911192214112
51,3.614,3.0391000000000004,-0.5748999999999995,-0.15907581627006076,3.2622999999999998,-0.3517000000000001,-0.09731599335915886,2.29515,-1.3188499999999999,-0.3649280575539568,2.32106,-1.2929399999999998,-0.3577587161040398,2.6852,-0.9287999999999998,-0.2570005534034311,3.0523,-0.5617000000000001,-0.1554233536247925,2.8838,-0.7302,-0.20204759269507472,2.90504,-0.7089599999999998,-0.19617044825677915,2.14159,-1.47241,-0.4074183729939126,2.6532,-0.9607999999999999,-0.26585500830105147
52,3.736,3.1964,-0.5396000000000001,-0.14443254817987153,3.4250999999999996,-0.3109000000000006,-0.08321734475374748,2.39844,-1.3375600000000003,-0.3580192719486082,2.43133,-1.3046700000000002,-0.34921573875803,2.7748,-0.9612000000000003,-0.2572805139186296,3.206,-0.5300000000000002,-0.14186295503212,2.9802,-0.7558000000000002,-0.20230192719486087,3.01044,-0.7255600000000002,-0.1942077087794433,2.30249,-1.43351,-0.38370182012847964,2.8305,-0.9055000000000004,-0.24237152034261253
53,3.296,2.7918000000000003,-0.5041999999999995,-0.15297330097087367,3.0597000000000003,-0.2362999999999995,-0.0716929611650484,2.26226,-1.0337399999999999,-0.31363470873786403,2.29472,-1.00128,-0.3037864077669903,2.55616,-0.7398399999999996,-0.22446601941747563,2.8114999999999997,-0.48450000000000015,-0.14699635922330104,2.7767,-0.5192999999999999,-0.1575546116504854,2.73444,-0.5615599999999996,-0.1703762135922329,1.748237,-1.5477629999999998,-0.4695882888349514,2.3209999999999997,-0.9750000000000001,-0.29581310679611655
54,3.101,2.776,-0.3250000000000002,-0.10480490164463083,2.8682999999999996,-0.23270000000000035,-0.07504030957755574,2.02006,-1.08094,-0.3485778781038375,2.0419799999999997,-1.0590200000000003,-0.3415091905836828,2.31468,-0.7863199999999999,-0.2535698161883263,2.7861000000000002,-0.31489999999999974,-0.101547887778136,2.4741999999999997,-0.6268000000000002,-0.2021283456949372,2.60504,-0.4959600000000002,-0.15993550467591106,1.98187,-1.11913,-0.36089326023863266,2.4130000000000003,-0.6879999999999997,-0.2218639148661721
55,3.34,2.8193,-0.5206999999999997,-0.15589820359281428,3.1677999999999997,-0.17220000000000013,-0.05155688622754495,2.5199,-0.8201,-0.24553892215568865,2.55294,-0.7870599999999999,-0.23564670658682632,2.734,-0.6059999999999999,-0.18143712574850296,2.8377999999999997,-0.5022000000000002,-0.15035928143712582,2.9322,-0.40779999999999994,-0.12209580838323351,2.73864,-0.6013599999999997,-0.18004790419161668,1.8360984,-1.5039015999999998,-0.45026994011976046,2.4177999999999997,-0.9222000000000001,-0.27610778443113776
56,3.018,2.5977,-0.4202999999999997,-0.13926441351888658,2.6149000000000004,-0.40309999999999935,-0.13356527501656706,1.98353,-1.0344699999999998,-0.34276673293571897,2.01063,-1.0073699999999999,-0.33378727634194827,2.15924,-0.8587599999999997,-0.28454605699138497,2.6088,-0.4091999999999998,-0.13558648111332003,2.29534,-0.7226599999999999,-0.2394499668654738,2.47704,-0.5409599999999997,-0.1792445328031808,1.772042,-1.245958,-0.41284227965540093,2.1706,-0.8473999999999999,-0.2807819748177601
57,4.33,4.0991,-0.2309000000000001,-0.05332563510392612,3.7477,-0.5823,-0.13448036951501155,2.9431000000000003,-1.3868999999999998,-0.32030023094688215,2.9674,-1.3626,-0.31468822170900695,3.0277000000000003,-1.3022999999999998,-0.30076212471131636,4.1137,-0.21630000000000038,-0.049953810623556666,3.1662999999999997,-1.1637000000000004,-0.2687528868360278,3.95004,-0.3799600000000001,-0.08775057736720555,3.0141,-1.3159,-0.3039030023094688,3.4027,-0.9273000000000002,-0.21415704387990767
58,3.619,3.9935,0.37449999999999983,0.10348162475822045,3.8331,0.21409999999999973,0.059159988947222915,2.5067500000000003,-1.11225,-0.30733628074053604,2.55488,-1.0641200000000004,-0.2940370268029843,2.8134,-0.8056000000000001,-0.22260292898590772,4.0221,0.4030999999999998,0.11138436032053046,3.0885,-0.5305000000000004,-0.1465874550980935,3.85184,0.23283999999999994,0.06433821497651283,2.45268,-1.1663200000000002,-0.32227687206410616,3.1254,-0.49360000000000026,-0.136391268306162
59,3.555,3.0548,-0.5002,-0.14070323488045006,3.3975,-0.1575000000000002,-0.044303797468354486,2.51936,-1.0356400000000003,-0.29131926863572444,2.54851,-1.0064900000000003,-0.2831195499296766,2.7634,-0.7916000000000003,-0.22267229254571033,3.072,-0.4830000000000001,-0.1358649789029536,2.9789000000000003,-0.5760999999999998,-0.16205344585091416,2.91074,-0.64426,-0.18122644163150492,2.0335,-1.5215,-0.4279887482419128,2.6558,-0.8992,-0.2529395218002813
60,3.337,3.3114,-0.02560000000000029,-0.007671561282589238,3.0807,-0.2563,-0.07680551393467185,2.35522,-0.9817800000000001,-0.294210368594546,2.3883,-0.9487000000000001,-0.28429727299970037,2.44226,-0.8947400000000001,-0.2681270602337429,3.3302,-0.006800000000000139,-0.002037758465687785,2.62,-0.7170000000000001,-0.2148636499850165,3.15584,-0.1811600000000002,-0.054288282888822356,2.03622,-1.30078,-0.38980521426430925,2.5557,-0.7813000000000003,-0.2341324543002698
61,4.995,4.5397,-0.45530000000000026,-0.0911511511511512,4.3277,-0.6673,-0.1335935935935936,3.5328999999999997,-1.4621000000000004,-0.29271271271271276,3.5628,-1.4322,-0.2867267267267267,3.5631000000000004,-1.4318999999999997,-0.2866666666666666,4.5583,-0.4367000000000001,-0.08742742742742744,3.7325,-1.2625000000000002,-0.2527527527527528,4.34934,-0.6456600000000003,-0.12926126126126133,3.2741,-1.7209000000000003,-0.3445245245245246,3.8079,-1.1871,-0.23765765765765767
62,3.039,2.5892,-0.4498000000000002,-0.1480092135570912,2.8014,-0.23760000000000003,-0.07818361303060217,2.02156,-1.0174400000000001,-0.3347943402435012,2.04302,-0.9959800000000003,-0.3277328068443568,2.31971,-0.71929,-0.23668641000329055,2.5991999999999997,-0.4398000000000004,-0.14471865745310972,2.4785,-0.5605000000000002,-0.18443566962816724,2.48484,-0.55416,-0.18234945705824282,1.8620649999999999,-1.1769350000000003,-0.3872770648239553,2.2965,-0.7425000000000002,-0.24432379072063182
63,3.671,3.0378,-0.6332,-0.17248706074639064,3.3226000000000004,-0.3483999999999994,-0.09490602015799493,2.35956,-1.3114399999999997,-0.3572432579678561,2.3897,-1.2812999999999999,-0.3490329610460365,2.7156000000000002,-0.9553999999999996,-0.2602560610187959,3.0475,-0.6234999999999999,-0.16984472895668754,2.9229000000000003,-0.7480999999999995,-0.2037864342141105,2.90714,-0.7638599999999998,-0.20807954235903017,2.18661,-1.4843899999999999,-0.4043557613729229,2.706,-0.9649999999999999,-0.2628711522745846
64,3.102,2.5702,-0.5318,-0.17143778207607996,2.7742000000000004,-0.3277999999999994,-0.10567375886524805,1.82968,-1.27232,-0.4101611863313991,1.85119,-1.25081,-0.4032269503546099,2.24367,-0.85833,-0.27670212765957447,2.5765000000000002,-0.5254999999999996,-0.1694068343004512,2.4175,-0.6844999999999999,-0.22066408768536425,2.48424,-0.6177600000000001,-0.19914893617021281,1.9279,-1.1741,-0.3784977433913604,2.3148,-0.7871999999999999,-0.25377176015473885
65,4.854,4.0542,-0.7998000000000003,-0.16477132262051922,4.2069,-0.6471,-0.13331273176761435,2.9782,-1.8758,-0.3864441697569015,3.0149,-1.8391000000000002,-0.37888339513803054,3.5078,-1.3462,-0.2773382777091059,4.0762,-0.7778,-0.16023897816234034,3.7454,-1.1086,-0.22838895756077462,4.00994,-0.8440599999999998,-0.17388957560774615,2.82421,-2.02979,-0.41816852080758143,3.4563,-1.3977,-0.2879480840543881
66,5.496,5.0394000000000005,-0.4565999999999999,-0.08307860262008732,5.1278,-0.36820000000000075,-0.06699417758369737,3.3891999999999998,-2.1068000000000007,-0.3833333333333334,3.4344,-2.0616000000000003,-0.37510917030567686,3.6368,-1.8592000000000004,-0.3382823871906842,5.0572,-0.4388000000000005,-0.07983988355167404,3.8731999999999998,-1.6228000000000007,-0.295269286754003,4.834639999999999,-0.6613600000000011,-0.1203347889374092,3.6506,-1.8454000000000006,-0.33577147016011655,4.3652,-1.1308000000000007,-0.2057496360989812
67,5.188,4.5710999999999995,-0.6169000000000002,-0.11890902081727067,4.4071,-0.7808999999999999,-0.15052043176561294,3.4368,-1.7511999999999999,-0.33754818812644566,3.4702,-1.7177999999999995,-0.33111025443330755,3.5669000000000004,-1.6210999999999993,-0.3124710871241325,4.584099999999999,-0.6039000000000003,-0.11640323824209721,3.7484,-1.4395999999999995,-0.2774865073245951,4.36724,-0.8207599999999999,-0.1582035466461064,3.4154999999999998,-1.7725,-0.3416538164996145,3.9212,-1.2668,-0.24417887432536622
68,5.496,4.534000000000001,-0.9619999999999997,-0.17503639010189223,4.9059,-0.5901000000000005,-0.10736899563318786,3.2457000000000003,-2.2503,-0.40944323144104805,3.2769,-2.2191000000000005,-0.4037663755458516,3.9203,-1.5757000000000003,-0.28669941775836977,4.542,-0.9540000000000006,-0.17358078602620097,4.2067,-1.2893000000000008,-0.2345887918486173,4.3113399999999995,-1.184660000000001,-0.21554949053857367,3.5665,-1.9295000000000004,-0.3510735080058225,4.2096,-1.2864000000000004,-0.2340611353711791
69,4.887,4.54,-0.34699999999999953,-0.07100470636382229,4.2737,-0.6132999999999997,-0.12549621444649064,3.3086,-1.5783999999999994,-0.3229793329240842,3.339,-1.5479999999999996,-0.3167587476979742,3.4087,-1.4782999999999995,-0.3024964190710046,4.5555,-0.33149999999999924,-0.06783302639656216,3.5894000000000004,-1.2975999999999992,-0.26552076938817254,4.36254,-0.5244599999999995,-0.10731737262123993,3.3181000000000003,-1.5688999999999993,-0.3210354000409248,3.8123,-1.0746999999999995,-0.21990996521383255
70,4.934,4.5661000000000005,-0.36789999999999967,-0.07456424807458445,4.0405,-0.8935000000000004,-0.18109039319010953,3.1931000000000003,-1.7409,-0.3528374543980543,3.2264999999999997,-1.7075000000000005,-0.3460680989055534,3.1761,-1.7579000000000002,-0.3562829347385489,4.5868,-0.34719999999999995,-0.07036886907174705,3.3406000000000002,-1.5934,-0.3229428455614106,4.39804,-0.5359600000000002,-0.10862586137008516,3.126,-1.8080000000000003,-0.3664369679773004,3.608,-1.326,-0.2687474665585732
71,5.681,4.373200000000001,-1.3077999999999994,-0.23020594965675045,4.9512,-0.7298,-0.12846329871501497,3.398,-2.283,-0.4018658686850906,3.4337,-2.2473,-0.39558176377398346,4.2628,-1.4181999999999997,-0.24963914803731732,4.3854,-1.2956000000000003,-0.22805844041541987,4.5495,-1.1315,-0.1991726808660447,4.28474,-1.3962599999999998,-0.24577715190987498,3.4234,-2.2576,-0.3973948248547791,4.0945,-1.5865,-0.2792642140468227
72,3.141,3.1536,0.012599999999999945,0.004011461318051558,2.9801,-0.16089999999999982,-0.05122572429162681,2.2525399999999998,-0.8884600000000002,-0.28285896211397654,2.28523,-0.8557700000000001,-0.27245144858325376,2.3592400000000002,-0.7817599999999998,-0.24888888888888883,3.1788,0.037799999999999834,0.012034383954154675,2.548,-0.593,-0.18879337790512574,3.08324,-0.057760000000000034,-0.01838904807386184,1.93861,-1.20239,-0.3828048392231774,2.4096,-0.7313999999999998,-0.2328557784145176
73,5.304,4.309699999999999,-0.9943000000000008,-0.18746229260935157,4.5935,-0.7105000000000006,-0.1339555052790348,3.2458,-2.0582000000000003,-0.38804675716440423,3.277,-2.027,-0.3821644042232278,3.8280000000000003,-1.476,-0.2782805429864253,4.3213,-0.9827000000000004,-0.1852752639517346,4.0696,-1.2344,-0.23273001508295624,4.14054,-1.1634600000000006,-0.2193552036199096,3.322,-1.9820000000000002,-0.37368024132730016,3.9135999999999997,-1.3904000000000005,-0.2621417797888387
74,4.871,4.4657,-0.40530000000000044,-0.08320673373024028,4.1194,-0.7516000000000007,-0.15430096489427236,3.0772,-1.7938000000000005,-0.3682611373434614,3.1062,-1.7648000000000006,-0.3623075343871896,3.4109,-1.4601000000000006,-0.29975364401560267,4.4861,-0.3849,-0.07901868199548347,3.5917000000000003,-1.2793,-0.2626360090330528,4.30994,-0.5610600000000003,-0.11518374050502983,3.1807,-1.6903000000000006,-0.34701293368918096,3.6427,-1.2283000000000004,-0.252165879696161
75,0.518,0.54973,0.031730000000000036,0.0,0.53404,0.016039999999999943,0.0,0.4454,-0.0726,0.0,0.45389999999999997,-0.06410000000000005,0.0,0.3943000000000001,-0.12369999999999992,0.0,0.5523999999999999,0.034399999999999875,0.0,0.43055999999999994,-0.08744000000000007,0.0,0.47217,-0.04583000000000004,0.0,0.2771999999999999,-0.24080000000000013,0.0,0.40837999999999997,-0.10962000000000005,0.0
76,1.012,0.997581,-0.01441899999999996,-0.01424802371541498,1.0222,0.010199999999999987,0.010079051383399196,0.85793,-0.15407000000000004,-0.15224308300395262,0.87576,-0.13624000000000003,-0.13462450592885378,0.7566800000000001,-0.2553199999999999,-0.25229249011857696,1.0032569999999998,-0.008743000000000167,-0.008639328063241272,0.82544,-0.18656000000000006,-0.18434782608695657,0.88905,-0.12295,-0.12149209486166009,0.4962,-0.5158,-0.5096837944664032,0.7604099999999999,-0.2515900000000001,-0.24860671936758902
77,2.98,2.5282,-0.4518,-0.15161073825503354,2.6535,-0.3264999999999998,-0.10956375838926168,2.00944,-0.9705599999999999,-0.3256912751677852,2.0295,-0.9504999999999999,-0.3189597315436241,2.21184,-0.76816,-0.2577718120805369,2.5397,-0.44030000000000014,-0.14775167785234905,2.3582,-0.6217999999999999,-0.20865771812080533,2.42504,-0.5549599999999999,-0.18622818791946305,1.771261,-1.208739,-0.40561711409395973,2.1836,-0.7963999999999998,-0.26724832214765093
78,3.083,2.5435,-0.5395000000000003,-0.17499189101524498,2.7016,-0.3814000000000002,-0.12371067142393778,2.07466,-1.00834,-0.32706454751865066,2.10123,-0.98177,-0.31844631852092115,2.28229,-0.80071,-0.2597178073305222,2.5545,-0.5285000000000002,-0.17142393772299713,2.4229000000000003,-0.6600999999999999,-0.21410963347388903,2.42774,-0.6552600000000002,-0.21253973402530008,1.8082639999999999,-1.2747360000000003,-0.41347259163152783,2.2198,-0.8632,-0.2799870256243918
79,3.129,2.6121,-0.5169000000000001,-0.16519654841802497,2.8144,-0.3146,-0.1005433045701502,2.08528,-1.04372,-0.3335634387983381,2.11044,-1.01856,-0.32552253116011504,2.32796,-0.80104,-0.2560051134547779,2.6218,-0.5072000000000001,-0.1620965164589326,2.4869,-0.6421000000000001,-0.20520933205496966,2.48814,-0.64086,-0.2048130393096836,1.8927479999999999,-1.2362520000000001,-0.3950949185043145,2.3239,-0.8050999999999999,-0.257302652604666
80,3.031,2.5964,-0.4346000000000001,-0.14338502144506765,2.7881,-0.24290000000000012,-0.08013856812933029,1.84308,-1.18792,-0.3919234576047509,1.87041,-1.1605900000000002,-0.38290663147476084,2.26778,-0.76322,-0.2518046849224678,2.6046,-0.4264000000000001,-0.14067964368195318,2.4356999999999998,-0.5953000000000004,-0.19640382711976256,2.51234,-0.5186600000000001,-0.17111844275816565,1.93359,-1.0974100000000002,-0.3620620257340812,2.3251999999999997,-0.7058000000000004,-0.23286044209831752
81,3.043,3.3565,0.3134999999999999,0.10302333223792307,3.0936000000000003,0.0506000000000002,0.016628327308577127,1.92325,-1.1197500000000002,-0.36797568189286894,1.95918,-1.0838200000000002,-0.35616825501150184,2.23162,-0.8113800000000002,-0.2666381860006573,3.3735999999999997,0.33059999999999956,0.10864278672362784,2.4491,-0.5939000000000001,-0.19516924088070986,3.23924,0.19623999999999997,0.06448899112717711,2.18924,-0.8537600000000003,-0.28056523167926395,2.6418999999999997,-0.40110000000000046,-0.1318107131120606
82,3.643,3.4733,-0.16969999999999974,-0.04658248696129556,3.5749000000000004,-0.06809999999999938,-0.018693384573153827,2.26379,-1.3792099999999996,-0.37859181992863017,2.29684,-1.3461599999999998,-0.36951962668130656,2.36675,-1.2762499999999997,-0.35032939884710396,3.4917,-0.1513,-0.041531704639033766,2.5381,-1.1048999999999998,-0.30329398847104033,3.29714,-0.3458599999999996,-0.0949382377161679,2.42417,-1.2188299999999996,-0.3345676640131759,3.0583,-0.5846999999999998,-0.16049958825144106
83,3.436,3.8931,0.45710000000000006,0.13303259604190923,3.5002000000000004,0.06420000000000048,0.01868451688009327,2.50522,-0.9307799999999999,-0.2708905704307334,2.5459,-0.8900999999999999,-0.2590512223515716,2.6612,-0.7747999999999999,-0.22549476135040744,3.9223,0.48629999999999995,0.14153084982537834,2.8948,-0.5411999999999999,-0.15750873108265423,3.71204,0.27604000000000006,0.08033760186263099,2.2939,-1.1421000000000001,-0.3323923166472643,2.8969,-0.5390999999999999,-0.15689755529685678
84,3.915,3.7544,-0.16060000000000008,-0.041021711366538975,3.8993,-0.015699999999999825,-0.0040102171136653444,2.7772,-1.1378,-0.29062579821200507,2.8198,-1.0952000000000002,-0.2797445721583653,2.821,-1.0939999999999999,-0.27943805874840355,3.7824,-0.13260000000000005,-0.033869731800766294,3.0210999999999997,-0.8939000000000004,-0.22832694763729255,3.50064,-0.41435999999999984,-0.10583908045977007,2.3281799999999997,-1.5868200000000003,-0.4053180076628353,3.0587999999999997,-0.8562000000000003,-0.2186973180076629
85,4.501,3.2722,-1.2288000000000001,-0.2730059986669629,3.809,-0.6920000000000002,-0.1537436125305488,2.7724,-1.7286000000000001,-0.38404798933570317,2.8023,-1.6987000000000005,-0.3774050211064209,3.4908,-1.0102000000000002,-0.22443901355254392,3.2856,-1.2154000000000003,-0.2700288824705621,3.6643,-0.8367000000000004,-0.18589202399466795,3.26304,-1.2379600000000002,-0.2750411019773384,2.46809,-2.03291,-0.45165740946456345,3.0442,-1.4568000000000003,-0.32366140857587206
86,3.977,4.0732,0.09620000000000006,0.024189087251697276,3.6012000000000004,-0.37579999999999947,-0.09449333668594405,2.7451,-1.2319,-0.3097560975609756,2.7672999999999996,-1.2097000000000002,-0.3041740005028917,2.8208,-1.1561999999999997,-0.290721649484536,4.0911,0.11410000000000009,0.02868996731204428,2.9638,-1.0131999999999999,-0.25476489816444553,3.95824,-0.018759999999999888,-0.004717123459894365,2.9065,-1.0705,-0.2691727432738245,3.2811,-0.6959,-0.17498114156399294
87,5.306,4.2539,-1.0521000000000003,-0.19828496042216365,4.5119,-0.7941000000000003,-0.14966076140218626,3.0722,-2.2338,-0.42099509988692047,3.1024,-2.2036000000000002,-0.4153034300791557,3.7295000000000003,-1.5764999999999998,-0.2971164719185827,4.2664,-1.0396,-0.19592913682623447,3.9913999999999996,-1.3146000000000004,-0.24775725593667555,4.09544,-1.21056,-0.22814926498303809,3.2542999999999997,-2.0517000000000003,-0.38667546174142486,3.8386,-1.4674,-0.2765548435733132
88,5.219,4.2166,-1.0024000000000006,-0.19206744587085658,4.5317,-0.6873000000000005,-0.13169189499904205,3.2551,-1.9639000000000002,-0.3762981414063997,3.2862999999999998,-1.9327000000000005,-0.37031998467139304,3.8458,-1.3732000000000002,-0.2631155393753593,4.2288,-0.9902000000000006,-0.18972983330139884,4.0775,-1.1415000000000006,-0.21872006131442817,4.06624,-1.1527600000000007,-0.22087756275148507,3.243,-1.9760000000000004,-0.37861659321709146,3.8348,-1.3842000000000003,-0.2652232228396245
89,5.197,4.2864,-0.9105999999999996,-0.17521647104098512,4.5015,-0.6955,-0.13382720800461806,3.0684,-2.1286,-0.40958245141427746,3.0998,-2.0972,-0.4035405041370021,3.6369000000000002,-1.5600999999999998,-0.30019241870309793,4.3,-0.8970000000000002,-0.17259957667885323,3.8959,-1.3011,-0.25035597460073117,4.1440399999999995,-1.0529600000000006,-0.2026091976140082,3.2363999999999997,-1.9606000000000003,-0.3772561092938234,3.8268999999999997,-1.3701000000000003,-0.2636328651144892
90,5.25,5.140000000000001,-0.10999999999999943,-0.020952380952380844,4.6034,-0.6466000000000003,-0.12316190476190482,3.3902,-1.8598,-0.35424761904761903,3.4328,-1.8172000000000001,-0.34613333333333335,3.6374,-1.6126,-0.30716190476190475,5.1684,-0.0815999999999999,-0.015542857142857122,3.8715,-1.3784999999999998,-0.26257142857142857,4.97354,-0.27646000000000015,-0.05265904761904765,3.4139,-1.8361,-0.34973333333333334,4.0217,-1.2283,-0.23396190476190476
91,5.777,5.4054,-0.37159999999999993,-0.0643240436212567,5.3515,-0.42550000000000043,-0.07365414575038955,3.9683,-1.8087,-0.3130863770122901,4.0087,-1.7683,-0.3060931279210663,4.114,-1.6630000000000003,-0.2878656742253765,5.4277999999999995,-0.3492000000000006,-0.06044659858057826,4.3537,-1.4233000000000002,-0.24637355028561542,5.14764,-0.6293600000000001,-0.10894235762506493,3.8574,-1.9196,-0.33228319196814954,4.6126000000000005,-1.1643999999999997,-0.20155790202527257
92,5.772,5.1084,-0.6636000000000006,-0.11496881496881507,4.95,-0.8220000000000001,-0.14241164241164242,3.8731,-1.8989000000000003,-0.328984753984754,3.9122000000000003,-1.8598,-0.3222106722106722,3.9769,-1.7951000000000001,-0.311001386001386,5.121700000000001,-0.6502999999999997,-0.1126645876645876,4.1924,-1.5796000000000001,-0.27366597366597367,4.85384,-0.9181600000000003,-0.1590713790713791,3.7498,-2.0222,-0.3503465003465004,4.3609,-1.4111000000000002,-0.24447331947331952
93,6.667,5.2544,-1.4125999999999994,-0.21187940602969843,5.4607,-1.2062999999999997,-0.18093595320233985,4.5596,-2.1074,-0.3160941952902355,4.6013,-2.0656999999999996,-0.30983950802459875,4.8308,-1.8361999999999998,-0.27541622918854053,5.2699,-1.3971,-0.20955452227388632,5.0269,-1.6400999999999994,-0.24600269986500667,5.094939999999999,-1.5720600000000005,-0.2357972101394931,3.9837,-2.6833,-0.4024748762561872,4.6777999999999995,-1.9892000000000003,-0.29836508174591275
94,5.641,5.247999999999999,-0.3930000000000007,-0.0696684984931751,5.2894,-0.35160000000000036,-0.06232937422442836,2.7699,-2.8711,-0.5089700407729126,2.8017,-2.8393,-0.5033327424215565,3.3787000000000003,-2.2622999999999998,-0.4010459138450629,5.2568,-0.3841999999999999,-0.06810849140223363,3.654,-1.987,-0.35224251019322816,5.083939999999999,-0.5570600000000008,-0.09875199432724709,4.1718,-1.4691999999999998,-0.2604502747739762,4.7499,-0.8910999999999998,-0.157968445311115
95,7.791,7.1995000000000005,-0.5914999999999999,-0.07592093441150044,6.8690999999999995,-0.9219000000000008,-0.1183288409703505,4.5626999999999995,-3.228300000000001,-0.4143627262225646,4.6022,-3.1888000000000005,-0.40929277371325895,5.3119,-2.4791000000000007,-0.3182004877422668,7.2170000000000005,-0.5739999999999998,-0.07367475292003592,5.6347000000000005,-2.1563,-0.27676806571685275,6.94154,-0.8494600000000005,-0.10903093312796823,5.6235,-2.1675000000000004,-0.2782056218713901,6.2852,-1.5058000000000007,-0.1932742908484149
