,ratio,rndint,dataset,kernel,length_scale,nu,alpha,periodicity,rmse,mape,r2
0,0.5,678.0,Grid1296,RBF,1.0,-,-,-,217.97634946345843,0.2552182057826541,-3.758031874229832
1,0.5,678.0,Grid1296,Matern,1.0,1.5,-,-,58.22165914362894,0.0543348759098694,0.6605484846076535
2,0.5,678.0,Grid1296,RQ,1.0,-,1.0,-,52.11594801954122,0.059790409253134,0.7280119135839371
3,0.5,678.0,Grid1296,ESS,1.0,-,-,1.0,677.556449811415,0.9956484609144822,-44.97265276569276
4,0.5,678.0,Grid2401,RBF,1.0,-,-,-,322.1257467721772,0.4150282712875089,-9.04819732593104
5,0.5,678.0,Grid2401,Matern,1.0,1.5,-,-,35.75006786049934,0.0395079292978847,0.8762369454700654
6,0.5,678.0,Grid2401,RQ,1.0,-,1.0,-,85.2426093820497,0.086751764490359,0.2963596281142315
7,0.5,678.0,Grid2401,ESS,1.0,-,-,1.0,673.0297508028755,0.9930483298522216,-42.86375458640494
8,0.5,678.0,Sobol1,RBF,1.0,-,-,-,27.975357850161853,0.0229334110616822,0.9150863632805282
9,0.5,678.0,Sobol1,Matern,1.0,1.5,-,-,21.675177575599516,0.0182271292706303,0.9490256767561526
10,0.5,678.0,Sobol1,RQ,1.0,-,1.0,-,23.425595854923007,0.0214858433799374,0.9404601915391771
11,0.5,678.0,Sobol1,ESS,1.0,-,-,1.0,674.8736499169338,0.9877598894839228,-48.41639771581061
12,0.5,678.0,Sobol2,RBF,1.0,-,-,-,35.14175904467451,0.0290343468360202,0.8654348535030907
13,0.5,678.0,Sobol2,Matern,1.0,1.5,-,-,22.698640936924104,0.0194044882881727,0.9438583328317032
14,0.5,678.0,Sobol2,RQ,1.0,-,1.0,-,25.281117916205503,0.0235848949389697,0.930356892078278
15,0.5,678.0,Sobol2,ESS,1.0,-,-,1.0,692.7135307106678,0.9736808334772246,-51.28690515311704
16,0.5,147.0,Grid1296,RBF,1.0,-,-,-,216.83408336024544,0.253433791492836,-3.693542873317472
17,0.5,147.0,Grid1296,Matern,1.0,1.5,-,-,56.99229295527592,0.0542318112399156,0.6757515170464727
18,0.5,147.0,Grid1296,RQ,1.0,-,1.0,-,52.70846581221885,0.0601442783809375,0.7226638749806868
19,0.5,147.0,Grid1296,ESS,1.0,-,-,1.0,216.8337876411139,0.253433372342711,-3.693530071183651
20,0.5,147.0,Grid2401,RBF,1.0,-,-,-,289.6320360067344,0.3713691794351836,-7.134205420754622
21,0.5,147.0,Grid2401,Matern,1.0,1.5,-,-,39.51801332404277,0.0429301986534042,0.8485699212891752
22,0.5,147.0,Grid2401,RQ,1.0,-,1.0,-,83.92472375762338,0.0851885688791259,0.3170297563815328
23,0.5,147.0,Grid2401,ESS,1.0,-,-,1.0,289.6319054354732,0.3713690152007702,-7.13419808666799
24,0.5,147.0,Sobol1,RBF,1.0,-,-,-,27.25522463330253,0.0224248137570122,0.9193349583613998
25,0.5,147.0,Sobol1,Matern,1.0,1.5,-,-,21.748683175307768,0.0178964725431625,0.9486368365263792
26,0.5,147.0,Sobol1,RQ,1.0,-,1.0,-,23.9858675903214,0.0216588354322898,0.9375263766958588
27,0.5,147.0,Sobol1,ESS,1.0,-,-,1.0,27.2552096910686,0.0224248018679943,0.9193350468079716
28,0.5,147.0,Sobol2,RBF,1.0,-,-,-,31.09164493191432,0.0262817546025108,0.8939670181326076
29,0.5,147.0,Sobol2,Matern,1.0,1.5,-,-,21.329734126763377,0.0185331150596443,0.9500972521718596
30,0.5,147.0,Sobol2,RQ,1.0,-,1.0,-,24.36939083222252,0.0229326868051032,0.9348607247314448
31,0.5,147.0,Sobol2,ESS,1.0,-,-,1.0,31.091630311287176,0.0262817424256469,0.8939671178551106
32,0.5,561.0,Grid1296,RBF,1.0,-,-,-,205.80580568211155,0.2384919886012934,-3.2368385718018216
33,0.5,561.0,Grid1296,Matern,1.0,1.5,-,-,58.65914395225676,0.0545896691459672,0.6558101055726686
34,0.5,561.0,Grid1296,RQ,1.0,-,1.0,-,53.16815318187245,0.061040630329317,0.7172322840177532
35,0.5,561.0,Grid1296,ESS,1.0,-,-,1.0,670.8755322351964,0.9798323556801926,-44.020527495691184
36,0.5,561.0,Grid2401,RBF,1.0,-,-,-,273.639295992671,0.3508383099310564,-6.227854420955786
37,0.5,561.0,Grid2401,Matern,1.0,1.5,-,-,44.34978897619436,0.048328596626072,0.810139078989504
38,0.5,561.0,Grid2401,RQ,1.0,-,1.0,-,83.04413731967234,0.0836316369358732,0.3343124668342011
39,0.5,561.0,Grid2401,ESS,1.0,-,-,1.0,664.9529044530158,0.9739714677864638,-41.68096621709146
40,0.5,561.0,Sobol1,RBF,1.0,-,-,-,26.41437006123255,0.0223495159515172,0.9240499644988353
41,0.5,561.0,Sobol1,Matern,1.0,1.5,-,-,20.57293363007614,0.0171477836842737,0.9539276976758846
42,0.5,561.0,Sobol1,RQ,1.0,-,1.0,-,22.986752431166448,0.0209076415089442,0.9424821422696988
43,0.5,561.0,Sobol1,ESS,1.0,-,-,1.0,676.568868695837,0.990220315512852,-48.82777403736184
44,0.5,561.0,Sobol2,RBF,1.0,-,-,-,26.93976930076657,0.0232856549430571,0.9190877979526796
45,0.5,561.0,Sobol2,Matern,1.0,1.5,-,-,20.80208454896024,0.0178054655916289,0.9517563686063908
46,0.5,561.0,Sobol2,RQ,1.0,-,1.0,-,23.0397548058514,0.0208595496390238,0.9408190432401348
47,0.5,561.0,Sobol2,ESS,1.0,-,-,1.0,679.9697883180586,0.996758524880052,-50.54725109184447
48,0.5,237.0,Grid1296,RBF,1.0,-,-,-,679.1006700789725,0.9999794618798704,-45.05218611819294
49,0.5,237.0,Grid1296,Matern,1.0,1.5,-,-,57.94623431963454,0.0543706315850681,0.6647009138971824
50,0.5,237.0,Grid1296,RQ,1.0,-,1.0,-,53.89200935819986,0.0611019318048448,0.7099781715470446
51,0.5,237.0,Grid1296,ESS,1.0,-,-,1.0,231.83155588709857,0.2746504925868988,-4.366943619535146
52,0.5,237.0,Grid2401,RBF,1.0,-,-,-,675.7042328879296,0.9999056268369048,-43.13475681932175
53,0.5,237.0,Grid2401,Matern,1.0,1.5,-,-,33.83404862930057,0.0370280857242481,0.889343890432591
54,0.5,237.0,Grid2401,RQ,1.0,-,1.0,-,85.94032276625963,0.0869868020633354,0.2860604851550017
55,0.5,237.0,Grid2401,ESS,1.0,-,-,1.0,406.2209921207106,0.5285451623735208,-14.951156791640726
56,0.5,237.0,Sobol1,RBF,1.0,-,-,-,680.3209080527961,0.9998474391133968,-48.6581134921433
57,0.5,237.0,Sobol1,Matern,1.0,1.5,-,-,20.27569934141449,0.017142741409324,0.955892314865792
58,0.5,237.0,Sobol1,RQ,1.0,-,1.0,-,23.78989775486317,0.0217598107804678,0.939277767355403
59,0.5,237.0,Sobol1,ESS,1.0,-,-,1.0,23.032441835677748,0.0199017770534128,0.9430829285103056
60,0.5,237.0,Sobol2,RBF,1.0,-,-,-,31.199522493791427,0.0262797059955995,0.8924816326035366
61,0.5,237.0,Sobol2,Matern,1.0,1.5,-,-,22.05324787934473,0.0190164027591519,0.9462805095254416
62,0.5,237.0,Sobol2,RQ,1.0,-,1.0,-,23.390436086776894,0.0222101005066653,0.9395684958041924
63,0.5,237.0,Sobol2,ESS,1.0,-,-,1.0,31.1995218823368,0.0262797055115061,0.8924816368178705
64,0.5,588.0,Grid1296,RBF,1.0,-,-,-,210.58171401620103,0.244664463530203,-3.4595459990580784
65,0.5,588.0,Grid1296,Matern,1.0,1.5,-,-,58.53838538619689,0.0535017156252121,0.6553876682597493
66,0.5,588.0,Grid1296,RQ,1.0,-,1.0,-,50.70507803965588,0.058458457563622,0.7414454133927155
67,0.5,588.0,Grid1296,ESS,1.0,-,-,1.0,61.68105205701794,0.0495987613131093,0.6173930271619567
68,0.5,588.0,Grid2401,RBF,1.0,-,-,-,317.44148085579474,0.4083871638267061,-8.780177191688054
69,0.5,588.0,Grid2401,Matern,1.0,1.5,-,-,39.31635946880674,0.042320950915517,0.849974195406689
70,0.5,588.0,Grid2401,RQ,1.0,-,1.0,-,85.21915240899342,0.0868710920460587,0.2951547277944238
71,0.5,588.0,Grid2401,ESS,1.0,-,-,1.0,189.75700314224005,0.1306738826228538,-2.4947410070184635
72,0.5,588.0,Sobol1,RBF,1.0,-,-,-,25.813549985030956,0.0213130989305116,0.9265184831531
73,0.5,588.0,Sobol1,Matern,1.0,1.5,-,-,21.01513398127428,0.0175679658061156,0.951297980546302
74,0.5,588.0,Sobol1,RQ,1.0,-,1.0,-,22.47648364636907,0.0202148006790538,0.9442892018225252
75,0.5,588.0,Sobol1,ESS,1.0,-,-,1.0,679.1304494085459,0.99494164048871,-49.86148653690066
76,0.5,588.0,Sobol2,RBF,1.0,-,-,-,27.68715087884885,0.0237410105872163,0.9138292465264216
77,0.5,588.0,Sobol2,Matern,1.0,1.5,-,-,21.466590086810506,0.0181731274553651,0.9482000330837004
78,0.5,588.0,Sobol2,RQ,1.0,-,1.0,-,23.65548841698112,0.021788253258676,0.9370976031154912
79,0.5,588.0,Sobol2,ESS,1.0,-,-,1.0,28.58904992419628,0.0245367518178079,0.9081238471079176
80,0.5,951.0,Grid1296,RBF,1.0,-,-,-,223.74658665849208,0.2631610650390109,-3.983185511029985
81,0.5,951.0,Grid1296,Matern,1.0,1.5,-,-,56.377279932681375,0.0530657047596435,0.6836247841420664
82,0.5,951.0,Grid1296,RQ,1.0,-,1.0,-,52.422775161718974,0.0592647776948428,0.7264515655554327
83,0.5,951.0,Grid1296,ESS,1.0,-,-,1.0,679.5024317790096,0.9999999736458616,-44.95960085619584
84,0.5,951.0,Grid2401,RBF,1.0,-,-,-,317.80658316241136,0.4081521447980434,-8.721540492476928
85,0.5,951.0,Grid2401,Matern,1.0,1.5,-,-,37.85233790397709,0.0416176925371844,0.8620903272476585
86,0.5,951.0,Grid2401,RQ,1.0,-,1.0,-,84.14073296929057,0.0849466475989598,0.3185689901149049
87,0.5,951.0,Grid2401,ESS,1.0,-,-,1.0,676.0224579268743,0.9999999999999304,-42.98773081755624
88,0.5,951.0,Sobol1,RBF,1.0,-,-,-,26.946068515578123,0.0232482151554305,0.923015753609178
89,0.5,951.0,Sobol1,Matern,1.0,1.5,-,-,20.699906552240893,0.0175809800164126,0.9545694689875632
90,0.5,951.0,Sobol1,RQ,1.0,-,1.0,-,23.793425236150405,0.0220597203865275,0.939975994108384
91,0.5,951.0,Sobol1,ESS,1.0,-,-,1.0,25.746282023543625,0.022159607189239,0.9297186511932825
92,0.5,951.0,Sobol2,RBF,1.0,-,-,-,25.71651961872519,0.0224272675383089,0.9265849337198232
93,0.5,951.0,Sobol2,Matern,1.0,1.5,-,-,20.690548821887983,0.0178493786764213,0.952476892440205
94,0.5,951.0,Sobol2,RQ,1.0,-,1.0,-,21.78587178915045,0.0197829755383179,0.9473121232574594
95,0.5,951.0,Sobol2,ESS,1.0,-,-,1.0,25.71651318304735,0.0224272622032778,0.9265849704647376
96,0.5,490.0,Grid1296,RBF,1.0,-,-,-,245.86518183138625,0.2951587690852869,-5.025101563648206
97,0.5,490.0,Grid1296,Matern,1.0,1.5,-,-,57.76720040830631,0.0545611206864588,0.6673917996431217
98,0.5,490.0,Grid1296,RQ,1.0,-,1.0,-,53.78867549804561,0.0613209977014126,0.7116287157325527
99,0.5,490.0,Grid1296,ESS,1.0,-,-,1.0,679.2116535385414,1.0,-44.98122829794365
100,0.5,490.0,Grid2401,RBF,1.0,-,-,-,354.5336394607008,0.4572525163980973,-11.195713256562255
101,0.5,490.0,Grid2401,Matern,1.0,1.5,-,-,34.22282313648446,0.0369645038087947,0.8863618977065946
102,0.5,490.0,Grid2401,RQ,1.0,-,1.0,-,84.13542475199614,0.0855300091345933,0.3131686816495437
103,0.5,490.0,Grid2401,ESS,1.0,-,-,1.0,675.7198549796506,1.0,-43.302238140124906
104,0.5,490.0,Sobol1,RBF,1.0,-,-,-,25.91655045959653,0.0219788193918393,0.9265797449348996
105,0.5,490.0,Sobol1,Matern,1.0,1.5,-,-,21.17857313660249,0.0175715874059009,0.9509707904365018
106,0.5,490.0,Sobol1,RQ,1.0,-,1.0,-,24.497994159637404,0.0220422286240196,0.9343971735315636
107,0.5,490.0,Sobol1,ESS,1.0,-,-,1.0,25.916548158019587,0.0219788174116427,0.9265797579753972
108,0.5,490.0,Sobol2,RBF,1.0,-,-,-,33.778690386150465,0.028865073997838,0.8739870500597364
109,0.5,490.0,Sobol2,Matern,1.0,1.5,-,-,22.066269325202096,0.0192242129471709,0.9462241365928572
110,0.5,490.0,Sobol2,RQ,1.0,-,1.0,-,24.112406002829896,0.0224722079821692,0.935788818933951
111,0.5,490.0,Sobol2,ESS,1.0,-,-,1.0,33.77868412290764,0.0288650686054072,0.8739870967903599
112,0.5,395.0,Grid1296,RBF,1.0,-,-,-,212.8511263139341,0.2486604519829179,-3.519059465737774
113,0.5,395.0,Grid1296,Matern,1.0,1.5,-,-,58.27338713952479,0.0538157619491893,0.6612832486662557
114,0.5,395.0,Grid1296,RQ,1.0,-,1.0,-,53.95462572127131,0.0615218451316761,0.7096288133426987
115,0.5,395.0,Grid1296,ESS,1.0,-,-,1.0,212.8510805507924,0.2486603866007255,-3.5190575225360634
116,0.5,395.0,Grid2401,RBF,1.0,-,-,-,376.9159440431704,0.4878073490863966,-12.862914187599808
117,0.5,395.0,Grid2401,Matern,1.0,1.5,-,-,36.197257493692376,0.040435620192682,0.8721452547582894
118,0.5,395.0,Grid2401,RQ,1.0,-,1.0,-,84.2545062205931,0.0849808458776796,0.3072894655616764
119,0.5,395.0,Grid2401,ESS,1.0,-,-,1.0,376.9159229064754,0.4878073218352453,-12.862912632790646
120,0.5,395.0,Sobol1,RBF,1.0,-,-,-,24.874156382043047,0.022152365722156,0.9334915957074004
121,0.5,395.0,Sobol1,Matern,1.0,1.5,-,-,20.392937397068547,0.0175809631319703,0.9552967210543232
122,0.5,395.0,Sobol1,RQ,1.0,-,1.0,-,23.11423679778773,0.0215425368939342,0.9425699857954304
123,0.5,395.0,Sobol1,ESS,1.0,-,-,1.0,24.87415322992053,0.0221523627793158,0.9334916125636604
124,0.5,395.0,Sobol2,RBF,1.0,-,-,-,26.263086410992,0.0222003340161375,0.9244624287324444
125,0.5,395.0,Sobol2,Matern,1.0,1.5,-,-,20.865017608972803,0.0177606553613369,0.952322990926278
126,0.5,395.0,Sobol2,RQ,1.0,-,1.0,-,23.84987047426752,0.022087120518119,0.9377063840025672
127,0.5,395.0,Sobol2,ESS,1.0,-,-,1.0,26.26308120629924,0.0222003299000873,0.92446245867179
128,0.5,877.0,Grid1296,RBF,1.0,-,-,-,205.22191440154683,0.2379425758800059,-3.223953277770976
129,0.5,877.0,Grid1296,Matern,1.0,1.5,-,-,58.94149248273591,0.0532986047584983,0.651571321499685
130,0.5,877.0,Grid1296,RQ,1.0,-,1.0,-,50.730133953353295,0.0580002991713012,0.7418906989922448
131,0.5,877.0,Grid1296,ESS,1.0,-,-,1.0,196.5269439697176,0.2254606717498762,-2.873609509143252
132,0.5,877.0,Grid2401,RBF,1.0,-,-,-,431.4460236961437,0.5649178215451283,-17.067433161808147
133,0.5,877.0,Grid2401,Matern,1.0,1.5,-,-,32.98237908370108,0.0359446530991404,0.8944137239016253
134,0.5,877.0,Grid2401,RQ,1.0,-,1.0,-,86.19053398527011,0.0874664996626361,0.2789545213972484
135,0.5,877.0,Grid2401,ESS,1.0,-,-,1.0,429.4073071869482,0.5619180173333047,-16.89708811136748
136,0.5,877.0,Sobol1,RBF,1.0,-,-,-,25.38321994181124,0.0215320628294348,0.9303131433781212
137,0.5,877.0,Sobol1,Matern,1.0,1.5,-,-,20.60345796555748,0.0172552205172792,0.9540867874616414
138,0.5,877.0,Sobol1,RQ,1.0,-,1.0,-,23.25752309593897,0.0213962203603165,0.9414961601988928
139,0.5,877.0,Sobol1,ESS,1.0,-,-,1.0,26.328301675904083,0.0224406086587565,0.9250273018820776
140,0.5,877.0,Sobol2,RBF,1.0,-,-,-,32.545534451986846,0.027612781436482,0.8815576140322606
141,0.5,877.0,Sobol2,Matern,1.0,1.5,-,-,22.09280706636792,0.0189216028646179,0.9454209299307338
142,0.5,877.0,Sobol2,RQ,1.0,-,1.0,-,23.936233625732694,0.0227671066931718,0.9359327678264872
143,0.5,877.0,Sobol2,ESS,1.0,-,-,1.0,31.35029101744641,0.0264913062009297,0.8900975218708306
144,0.5,297.0,Grid1296,RBF,1.0,-,-,-,679.2471731120692,1.0,-45.27713241429878
145,0.5,297.0,Grid1296,Matern,1.0,1.5,-,-,59.41516568077828,0.054595072542343,0.6459167477851132
146,0.5,297.0,Grid1296,RQ,1.0,-,1.0,-,51.94832602651777,0.0595509498352005,0.7293214286958634
147,0.5,297.0,Grid1296,ESS,1.0,-,-,1.0,622.0563639145198,0.876174631388126,-37.81237648836916
148,0.5,297.0,Grid2401,RBF,1.0,-,-,-,675.5799953754927,1.0,-43.16261687276848
149,0.5,297.0,Grid2401,Matern,1.0,1.5,-,-,36.7980426452566,0.0410990451279992,0.86897605418657
150,0.5,297.0,Grid2401,RQ,1.0,-,1.0,-,83.12452323667412,0.0836952724276885,0.3314104686188307
151,0.5,297.0,Grid2401,ESS,1.0,-,-,1.0,577.6441858470704,0.8006062308636891,-31.28658044594552
152,0.5,297.0,Sobol1,RBF,1.0,-,-,-,681.5418760150408,1.0,-50.181868177942185
153,0.5,297.0,Sobol1,Matern,1.0,1.5,-,-,21.159839697751988,0.0177412654456876,0.9506649253476844
154,0.5,297.0,Sobol1,RQ,1.0,-,1.0,-,23.12895242179485,0.0210514595552575,0.9410555433574496
155,0.5,297.0,Sobol1,ESS,1.0,-,-,1.0,673.5231535212878,0.982737157911323,-48.98458642244052
156,0.5,297.0,Sobol2,RBF,1.0,-,-,-,682.1444569139634,1.0,-50.95521104437586
157,0.5,297.0,Sobol2,Matern,1.0,1.5,-,-,21.27854186235445,0.0178176028410908,0.949445463542037
158,0.5,297.0,Sobol2,RQ,1.0,-,1.0,-,23.65887395344517,0.0215875206858539,0.9375022265469738
159,0.5,297.0,Sobol2,ESS,1.0,-,-,1.0,674.9101674526161,0.984284723508898,-49.85906198457095
160,0.5,721.0,Grid1296,RBF,1.0,-,-,-,679.401255470757,1.0,-45.30545669176698
161,0.5,721.0,Grid1296,Matern,1.0,1.5,-,-,58.22856641832621,0.0537292329227421,0.6598647225031405
162,0.5,721.0,Grid1296,RQ,1.0,-,1.0,-,51.92587522662936,0.0597164111394082,0.7295125419528772
163,0.5,721.0,Grid1296,ESS,1.0,-,-,1.0,669.8891547652821,0.9835797982214002,-44.0179148393967
164,0.5,721.0,Grid2401,RBF,1.0,-,-,-,675.5561736438782,1.0,-43.2255985639921
165,0.5,721.0,Grid2401,Matern,1.0,1.5,-,-,35.57658771506857,0.0394975510909473,0.8773466634143102
166,0.5,721.0,Grid2401,RQ,1.0,-,1.0,-,83.16174028304243,0.0837173123082683,0.3298100311926836
167,0.5,721.0,Grid2401,ESS,1.0,-,-,1.0,663.695784667524,0.9777626960105028,-41.68633847892236
168,0.5,721.0,Sobol1,RBF,1.0,-,-,-,23.37270129607675,0.0203061750290042,0.9410324022905816
169,0.5,721.0,Sobol1,Matern,1.0,1.5,-,-,19.907954037709622,0.0166440259421668,0.9572192024700836
170,0.5,721.0,Sobol1,RQ,1.0,-,1.0,-,22.14950774303836,0.0199059659394407,0.947042951122825
171,0.5,721.0,Sobol1,ESS,1.0,-,-,1.0,678.9416437951847,0.9963390354602122,-48.75772468616231
172,0.5,721.0,Sobol2,RBF,1.0,-,-,-,33.32408447745748,0.0269571294480365,0.8772214546206981
173,0.5,721.0,Sobol2,Matern,1.0,1.5,-,-,21.722669707205608,0.0186386827555989,0.9478286075823048
174,0.5,721.0,Sobol2,RQ,1.0,-,1.0,-,23.1915188823326,0.0216800105650863,0.9405345902294648
175,0.5,721.0,Sobol2,ESS,1.0,-,-,1.0,673.2047584144394,0.98132143763746,-49.10722877321893
176,0.5,711.0,Grid1296,RBF,1.0,-,-,-,679.2262618039563,1.0,-45.1652759841578
177,0.5,711.0,Grid1296,Matern,1.0,1.5,-,-,57.3881052700121,0.0540598025232388,0.6704432052663227
178,0.5,711.0,Grid1296,RQ,1.0,-,1.0,-,52.86685138756647,0.060676844678674,0.7203251658965043
179,0.5,711.0,Grid1296,ESS,1.0,-,-,1.0,615.6175314364287,0.8708251578040564,-36.92350382980072
180,0.5,711.0,Grid2401,RBF,1.0,-,-,-,675.8081481399573,1.0,-43.18736898930463
181,0.5,711.0,Grid2401,Matern,1.0,1.5,-,-,33.55706595943644,0.036836731099816,0.8910520007379158
182,0.5,711.0,Grid2401,RQ,1.0,-,1.0,-,85.5816540487111,0.0871064630156105,0.2913812363900881
183,0.5,711.0,Grid2401,ESS,1.0,-,-,1.0,590.3069565212727,0.8266696485640483,-32.71375283475943
184,0.5,711.0,Sobol1,RBF,1.0,-,-,-,28.83370817255618,0.0238978676324873,0.908786694410494
185,0.5,711.0,Sobol1,Matern,1.0,1.5,-,-,21.26371371147442,0.0178671054904652,0.9503938604669064
186,0.5,711.0,Sobol1,RQ,1.0,-,1.0,-,23.271737687830424,0.0210378984151573,0.9405824385854262
187,0.5,711.0,Sobol1,ESS,1.0,-,-,1.0,678.328004909832,0.9945436662768822,-49.48201626610138
188,0.5,711.0,Sobol2,RBF,1.0,-,-,-,28.59312569244218,0.024479403847666,0.9115205773111976
189,0.5,711.0,Sobol2,Matern,1.0,1.5,-,-,21.609465796830182,0.0186939789243455,0.9494632772092731
190,0.5,711.0,Sobol2,RQ,1.0,-,1.0,-,24.242858127156097,0.0231817731102259,0.9363956742163196
191,0.5,711.0,Sobol2,ESS,1.0,-,-,1.0,675.6073502704832,0.987602457056488,-48.39781566612322
192,0.5,985.0,Grid1296,RBF,1.0,-,-,-,260.6564396702322,0.3164322441375812,-5.801431732656379
193,0.5,985.0,Grid1296,Matern,1.0,1.5,-,-,57.91965831940421,0.0545476395955204,0.6641731561416808
194,0.5,985.0,Grid1296,RQ,1.0,-,1.0,-,53.04151814073661,0.0604356566185061,0.7183593634587797
195,0.5,985.0,Grid1296,ESS,1.0,-,-,1.0,675.0417593187749,0.9893570930196572,-44.61678833296788
196,0.5,985.0,Grid2401,RBF,1.0,-,-,-,370.85734483834096,0.4797765088159721,-12.363173987081447
197,0.5,985.0,Grid2401,Matern,1.0,1.5,-,-,33.16642746404693,0.0372151875146182,0.8931207884692544
198,0.5,985.0,Grid2401,RQ,1.0,-,1.0,-,83.69030703830208,0.0849558768959698,0.319471722287621
199,0.5,985.0,Grid2401,ESS,1.0,-,-,1.0,668.2406436839802,0.9823758424397,-42.38720033153799
200,0.5,985.0,Sobol1,RBF,1.0,-,-,-,25.643606378761834,0.0221292494196683,0.9292467935029396
201,0.5,985.0,Sobol1,Matern,1.0,1.5,-,-,20.37951549287435,0.0173754854309111,0.955313572882748
202,0.5,985.0,Sobol1,RQ,1.0,-,1.0,-,23.852309710138112,0.021741430141596,0.9387862758272714
203,0.5,985.0,Sobol1,ESS,1.0,-,-,1.0,679.6385959662153,0.9967655475077072,-48.6985812114048
204,0.5,985.0,Sobol2,RBF,1.0,-,-,-,26.07175604174772,0.0228231122625851,0.9247588714202218
205,0.5,985.0,Sobol2,Matern,1.0,1.5,-,-,20.823012712958526,0.017995165890327,0.952004351700808
206,0.5,985.0,Sobol2,RQ,1.0,-,1.0,-,22.59188886400888,0.0211767246208334,0.9435037242904072
207,0.5,985.0,Sobol2,ESS,1.0,-,-,1.0,675.5702330338304,0.9787560280919037,-49.51911624299542
208,0.5,171.0,Grid1296,RBF,1.0,-,-,-,679.3931954858201,1.0,-44.94931284637651
209,0.5,171.0,Grid1296,Matern,1.0,1.5,-,-,57.22896721129203,0.0532434508215528,0.6739618259427191
210,0.5,171.0,Grid1296,RQ,1.0,-,1.0,-,53.41950114325749,0.0605490391859378,0.7159228570471587
211,0.5,171.0,Grid1296,ESS,1.0,-,-,1.0,262.3279564289858,0.3167986967390851,-5.850555473939877
212,0.5,171.0,Grid2401,RBF,1.0,-,-,-,675.9451246659978,1.0,-43.03887376278614
213,0.5,171.0,Grid2401,Matern,1.0,1.5,-,-,34.45805370058479,0.0376611523575146,0.8855555303522379
214,0.5,171.0,Grid2401,RQ,1.0,-,1.0,-,83.8757403539901,0.0853870819017866,0.321912002546432
215,0.5,171.0,Grid2401,ESS,1.0,-,-,1.0,357.04450109985083,0.4598863299381936,-11.287344127527469
216,0.5,171.0,Sobol1,RBF,1.0,-,-,-,681.1817618389275,1.0,-49.05255597288988
217,0.5,171.0,Sobol1,Matern,1.0,1.5,-,-,21.323629370045754,0.0179291178631041,0.950951866220618
218,0.5,171.0,Sobol1,RQ,1.0,-,1.0,-,23.891463927053184,0.0220116780803383,0.938427645656366
219,0.5,171.0,Sobol1,ESS,1.0,-,-,1.0,30.766020807754053,0.0265465788948065,0.8978959671882468
220,0.5,171.0,Sobol2,RBF,1.0,-,-,-,681.8182203400193,0.9999699583458508,-50.30836889431377
221,0.5,171.0,Sobol2,Matern,1.0,1.5,-,-,21.87383971456506,0.0187361012984483,0.9471918377844992
222,0.5,171.0,Sobol2,RQ,1.0,-,1.0,-,22.80000884801348,0.0209489328955569,0.9426252198934552
223,0.5,171.0,Sobol2,ESS,1.0,-,-,1.0,26.36474600687037,0.0219889083185086,0.9232818385271468
224,0.5,75.0,Grid1296,RBF,1.0,-,-,-,207.46378315018163,0.2409742451963874,-3.291561950851309
225,0.5,75.0,Grid1296,Matern,1.0,1.5,-,-,58.57090435705135,0.0543170875665172,0.6579460110044139
226,0.5,75.0,Grid1296,RQ,1.0,-,1.0,-,53.8832997499938,0.0612029367367539,0.7105062666131184
227,0.5,75.0,Grid1296,ESS,1.0,-,-,1.0,679.2982182889147,0.9999993362737556,-45.00994890465108
228,0.5,75.0,Grid2401,RBF,1.0,-,-,-,675.3293409141779,1.0,-43.43277133051859
229,0.5,75.0,Grid2401,Matern,1.0,1.5,-,-,32.09612174457433,0.0360554880852161,0.8996361572602547
230,0.5,75.0,Grid2401,RQ,1.0,-,1.0,-,83.03599310319721,0.0836878571596845,0.3282542425661094
231,0.5,75.0,Grid2401,ESS,1.0,-,-,1.0,675.325860595017,0.9999949722259976,-43.43231336188731
232,0.5,75.0,Sobol1,RBF,1.0,-,-,-,26.77936303362221,0.0229998044647831,0.9211963299622432
233,0.5,75.0,Sobol1,Matern,1.0,1.5,-,-,21.28162231069852,0.0179290467919796,0.9502314003447804
234,0.5,75.0,Sobol1,RQ,1.0,-,1.0,-,23.118895111674743,0.0213044983763151,0.9412672808894672
235,0.5,75.0,Sobol1,ESS,1.0,-,-,1.0,678.6557483503902,0.9936417058630864,-49.61101210685983
236,0.5,75.0,Sobol2,RBF,1.0,-,-,-,24.935834757935417,0.0214459859966042,0.9313170231267568
237,0.5,75.0,Sobol2,Matern,1.0,1.5,-,-,21.183295995497424,0.0179792387073097,0.9504334882027105
238,0.5,75.0,Sobol2,RQ,1.0,-,1.0,-,23.36929213027916,0.0215454726237449,0.9396756845083802
239,0.5,75.0,Sobol2,ESS,1.0,-,-,1.0,672.0835673202846,0.9781959568559092,-48.8939446885758
240,0.5,16.0,Grid1296,RBF,1.0,-,-,-,218.3541805809935,0.2550189241825934,-3.7821677902922346
241,0.5,16.0,Grid1296,Matern,1.0,1.5,-,-,58.13232708020384,0.0533212635526777,0.6610487777583645
242,0.5,16.0,Grid1296,RQ,1.0,-,1.0,-,51.57018058576931,0.0592849482908342,0.7332532775976306
243,0.5,16.0,Grid1296,ESS,1.0,-,-,1.0,663.878298751859,0.80904638855604,-43.20574684148333
244,0.5,16.0,Grid2401,RBF,1.0,-,-,-,408.4946802025954,0.5313533769340671,-15.248459963614517
245,0.5,16.0,Grid2401,Matern,1.0,1.5,-,-,31.685268086657647,0.0349692036634965,0.9022415816526812
246,0.5,16.0,Grid2401,RQ,1.0,-,1.0,-,84.16362165146137,0.0853336055352146,0.3102555333057999
247,0.5,16.0,Grid2401,ESS,1.0,-,-,1.0,675.4241474486982,0.9999999999992344,-43.421432642943
248,0.5,16.0,Sobol1,RBF,1.0,-,-,-,27.43093347826784,0.022508274766141,0.9178453569740604
249,0.5,16.0,Sobol1,Matern,1.0,1.5,-,-,21.415688000190908,0.0178227558064473,0.9499256868218936
250,0.5,16.0,Sobol1,RQ,1.0,-,1.0,-,24.68087836828081,0.0221210794564203,0.9334922642590882
251,0.5,16.0,Sobol1,ESS,1.0,-,-,1.0,679.758515694862,0.996276199855037,-49.44989339447853
252,0.5,16.0,Sobol2,RBF,1.0,-,-,-,37.72426118228596,0.0304225857043925,0.8431198607382678
253,0.5,16.0,Sobol2,Matern,1.0,1.5,-,-,22.33919848758808,0.0189501703731748,0.9449874654903452
254,0.5,16.0,Sobol2,RQ,1.0,-,1.0,-,23.85466997393648,0.0224534011990537,0.9372702863270236
255,0.5,16.0,Sobol2,ESS,1.0,-,-,1.0,680.116446077419,0.9966292520732976,-49.99094182928293
256,0.5,669.0,Grid1296,RBF,1.0,-,-,-,234.48989740176717,0.2788158406273183,-4.464556501859274
257,0.5,669.0,Grid1296,Matern,1.0,1.5,-,-,59.189416637677695,0.0558323353372277,0.6518272587124578
258,0.5,669.0,Grid1296,RQ,1.0,-,1.0,-,53.27963664474011,0.0611360299399433,0.7178830653718853
259,0.5,669.0,Grid1296,ESS,1.0,-,-,1.0,322.9867137924086,0.2910353342547513,-9.367545813346794
260,0.5,669.0,Grid2401,RBF,1.0,-,-,-,357.777340140788,0.4594855101257588,-11.37566302773218
261,0.5,669.0,Grid2401,Matern,1.0,1.5,-,-,35.87757865481231,0.0395597324219604,0.8755516726024352
262,0.5,669.0,Grid2401,RQ,1.0,-,1.0,-,82.70237718766543,0.0835405581270911,0.338730031602083
263,0.5,669.0,Grid2401,ESS,1.0,-,-,1.0,206.8095518916665,0.260978474711495,-3.135080805946955
264,0.5,669.0,Sobol1,RBF,1.0,-,-,-,25.4534650784345,0.020852001401702,0.9298643479766788
265,0.5,669.0,Sobol1,Matern,1.0,1.5,-,-,20.94780017121551,0.0175040467361033,0.9524969103228156
266,0.5,669.0,Sobol1,RQ,1.0,-,1.0,-,23.35988417786042,0.0210899457493658,0.9409273595787744
267,0.5,669.0,Sobol1,ESS,1.0,-,-,1.0,21.809345047434626,0.0180697242255172,0.9485091264030332
268,0.5,669.0,Sobol2,RBF,1.0,-,-,-,31.708358004437923,0.026775068647145,0.8902872117274162
269,0.5,669.0,Sobol2,Matern,1.0,1.5,-,-,22.54091075421649,0.0192938884968381,0.9445562411924452
270,0.5,669.0,Sobol2,RQ,1.0,-,1.0,-,24.690235684240797,0.0230261260138198,0.933478778145458
271,0.5,669.0,Sobol2,ESS,1.0,-,-,1.0,28.186903816997177,0.0238405654577375,0.9133029153818324
272,0.5,530.0,Grid1296,RBF,1.0,-,-,-,204.9072996709972,0.2366032941927597,-3.18600748636142
273,0.5,530.0,Grid1296,Matern,1.0,1.5,-,-,56.41537126368776,0.0532158038663646,0.6826927161108467
274,0.5,530.0,Grid1296,RQ,1.0,-,1.0,-,53.54008151862486,0.0610332645430149,0.714212521484525
275,0.5,530.0,Grid1296,ESS,1.0,-,-,1.0,204.90552391429307,0.2366007428006407,-3.1859349335664726
276,0.5,530.0,Grid2401,RBF,1.0,-,-,-,325.6135701761222,0.4184241354716391,-9.27527657477694
277,0.5,530.0,Grid2401,Matern,1.0,1.5,-,-,38.76586190888328,0.0428080895674182,0.8543577374953379
278,0.5,530.0,Grid2401,RQ,1.0,-,1.0,-,83.93150174091912,0.0848103599154548,0.3172864606631396
279,0.5,530.0,Grid2401,ESS,1.0,-,-,1.0,325.61231915226745,0.4184225534065842,-9.2751976186609
280,0.5,530.0,Sobol1,RBF,1.0,-,-,-,29.547303994887017,0.0240451240762992,0.9045620395432712
281,0.5,530.0,Sobol1,Matern,1.0,1.5,-,-,21.888907673531296,0.0183830295935521,0.9476238456454038
282,0.5,530.0,Sobol1,RQ,1.0,-,1.0,-,24.11817738169924,0.0218619085223472,0.9364121122636702
283,0.5,530.0,Sobol1,ESS,1.0,-,-,1.0,29.54702836963726,0.0240449185316327,0.9045638200772244
284,0.5,530.0,Sobol2,RBF,1.0,-,-,-,28.32071123464424,0.0238490696714131,0.9110336410584072
285,0.5,530.0,Sobol2,Matern,1.0,1.5,-,-,21.682678477487222,0.0185031535420893,0.9478513145882947
286,0.5,530.0,Sobol2,RQ,1.0,-,1.0,-,23.27284044898667,0.0214364701893904,0.9399218861598936
287,0.5,530.0,Sobol2,ESS,1.0,-,-,1.0,29.024129340887537,0.0244120593269354,0.9065593379891732
288,0.5,999.0,Grid1296,RBF,1.0,-,-,-,246.62096896801896,0.2948333034153593,-5.053380476863152
289,0.5,999.0,Grid1296,Matern,1.0,1.5,-,-,57.232507296143005,0.0545067688092832,0.6739955585687935
290,0.5,999.0,Grid1296,RQ,1.0,-,1.0,-,55.04011644706275,0.0625541976999571,0.6984935131362433
291,0.5,999.0,Grid1296,ESS,1.0,-,-,1.0,679.0867127144176,0.9999999999999732,-44.89743740088513
292,0.5,999.0,Grid2401,RBF,1.0,-,-,-,396.8640718041848,0.5160966844401577,-14.323793835569084
293,0.5,999.0,Grid2401,Matern,1.0,1.5,-,-,35.446181783206065,0.0392312875128114,0.8777576603709231
294,0.5,999.0,Grid2401,RQ,1.0,-,1.0,-,83.65259842503303,0.0848108922164776,0.3191654230022318
295,0.5,999.0,Grid2401,ESS,1.0,-,-,1.0,675.6776922619183,1.0,-43.4182960269341
296,0.5,999.0,Sobol1,RBF,1.0,-,-,-,28.05650528323322,0.0234693072841086,0.9128911666218762
297,0.5,999.0,Sobol1,Matern,1.0,1.5,-,-,21.273800633367955,0.0179626676267604,0.9499175900781496
298,0.5,999.0,Sobol1,RQ,1.0,-,1.0,-,23.622400775251897,0.0215519821376097,0.938249125044988
299,0.5,999.0,Sobol1,ESS,1.0,-,-,1.0,26.11372052886467,0.0217592236637654,0.9245372630429534
300,0.5,999.0,Sobol2,RBF,1.0,-,-,-,33.16413116825201,0.0289620570767897,0.8791257094079947
301,0.5,999.0,Sobol2,Matern,1.0,1.5,-,-,22.178271589819385,0.0193475052479842,0.9459429819791542
302,0.5,999.0,Sobol2,RQ,1.0,-,1.0,-,23.963261316708227,0.0226241254505865,0.9368914012455885
303,0.5,999.0,Sobol2,ESS,1.0,-,-,1.0,36.8634477008225,0.0325340759903493,0.850655720718611
304,0.5,794.0,Grid1296,RBF,1.0,-,-,-,679.2734447450107,1.0,-45.11799463773112
305,0.5,794.0,Grid1296,Matern,1.0,1.5,-,-,57.50106997442743,0.0533812207285026,0.6695292751156727
306,0.5,794.0,Grid1296,RQ,1.0,-,1.0,-,52.29267487103056,0.0598525120826842,0.7266853848156086
307,0.5,794.0,Grid1296,ESS,1.0,-,-,1.0,680.7987342410051,0.9773359739279484,-45.32534050201893
308,0.5,794.0,Grid2401,RBF,1.0,-,-,-,675.5086536896565,1.0,-43.30978409740701
309,0.5,794.0,Grid2401,Matern,1.0,1.5,-,-,675.5086536896565,1.0,-43.30978409740701
310,0.5,794.0,Grid2401,RQ,1.0,-,1.0,-,80.14417093081548,0.0800611258656211,0.3762914735256953
311,0.5,794.0,Grid2401,ESS,1.0,-,-,1.0,693.9508288368144,0.985552227606466,-45.76222826910027
312,0.5,794.0,Sobol1,RBF,1.0,-,-,-,681.6264810160387,1.0,-49.19514902630676
313,0.5,794.0,Sobol1,Matern,1.0,1.5,-,-,21.877323532112158,0.0183667296068376,0.9482920621508316
314,0.5,794.0,Sobol1,RQ,1.0,-,1.0,-,24.376253604203715,0.0223118269578336,0.9358047701206504
315,0.5,794.0,Sobol1,ESS,1.0,-,-,1.0,681.6264810160387,1.0,-49.19514902630676
316,0.5,794.0,Sobol2,RBF,1.0,-,-,-,681.3664000493998,1.0,-50.22492507650127
317,0.5,794.0,Sobol2,Matern,1.0,1.5,-,-,681.3664000493998,1.0,-50.22492507650127
318,0.5,794.0,Sobol2,RQ,1.0,-,1.0,-,24.4563657508552,0.0228352794815504,0.9340061073146484
319,0.5,794.0,Sobol2,ESS,1.0,-,-,1.0,679.5647491279752,0.9959437167156036,-49.95438805317862
320,0.5,936.0,Grid1296,RBF,1.0,-,-,-,193.63493091049756,0.2194098126976127,-2.737728126610129
321,0.5,936.0,Grid1296,Matern,1.0,1.5,-,-,57.41539281922558,0.0555188063576928,0.6713777386595963
322,0.5,936.0,Grid1296,RQ,1.0,-,1.0,-,54.50952309096546,0.0624772998164352,0.7037999935984541
323,0.5,936.0,Grid1296,ESS,1.0,-,-,1.0,188.6236064140185,0.2121201921402382,-2.5467647796153945
324,0.5,936.0,Grid2401,RBF,1.0,-,-,-,374.8167976747171,0.4842059690661267,-12.738278300562447
325,0.5,936.0,Grid2401,Matern,1.0,1.5,-,-,31.817985289576303,0.035292500886523,0.9009990022595272
326,0.5,936.0,Grid2401,RQ,1.0,-,1.0,-,84.59164809363094,0.0861291764199761,0.3002398754874841
327,0.5,936.0,Grid2401,ESS,1.0,-,-,1.0,355.0974729752191,0.4577529756295623,-11.330746839669205
328,0.5,936.0,Sobol1,RBF,1.0,-,-,-,28.673676162348077,0.0242642995195112,0.9103719928283964
329,0.5,936.0,Sobol1,Matern,1.0,1.5,-,-,20.84650959448096,0.0175723565317181,0.9526256037818952
330,0.5,936.0,Sobol1,RQ,1.0,-,1.0,-,23.594017966179344,0.021711427099119,0.9393150777720838
331,0.5,936.0,Sobol1,ESS,1.0,-,-,1.0,27.5922527589304,0.0233839490263751,0.9170051188034504
332,0.5,936.0,Sobol2,RBF,1.0,-,-,-,29.155448949682235,0.0230466480803342,0.9058550281903796
333,0.5,936.0,Sobol2,Matern,1.0,1.5,-,-,21.55010785980874,0.0178860041410083,0.9485652587357124
334,0.5,936.0,Sobol2,RQ,1.0,-,1.0,-,22.93244860301672,0.0203179306952507,0.941755017272548
335,0.5,936.0,Sobol2,ESS,1.0,-,-,1.0,31.75532742045447,0.0248152190734199,0.8883160274701927
336,0.5,111.0,Grid1296,RBF,1.0,-,-,-,213.00644425091772,0.2485845463562702,-3.5134531302375445
337,0.5,111.0,Grid1296,Matern,1.0,1.5,-,-,57.02228619850301,0.0544744689694505,0.6765458686570631
338,0.5,111.0,Grid1296,RQ,1.0,-,1.0,-,53.73334444582305,0.061027616469536,0.7127823022815745
339,0.5,111.0,Grid1296,ESS,1.0,-,-,1.0,678.8022840940597,0.9983632363528376,-44.836351535740285
340,0.5,111.0,Grid2401,RBF,1.0,-,-,-,345.0271347793761,0.4437216173429495,-10.491301321696485
341,0.5,111.0,Grid2401,Matern,1.0,1.5,-,-,35.757395530307186,0.0393386349928205,0.8765774638242075
342,0.5,111.0,Grid2401,RQ,1.0,-,1.0,-,84.40235216389118,0.0853437857807089,0.3123430933986446
343,0.5,111.0,Grid2401,ESS,1.0,-,-,1.0,674.5371996672592,0.996551212990124,-42.92123264919903
344,0.5,111.0,Sobol1,RBF,1.0,-,-,-,26.16901776445168,0.0222929429244656,0.9252282388391774
345,0.5,111.0,Sobol1,Matern,1.0,1.5,-,-,20.27700466632181,0.0172424071215978,0.9551078538368414
346,0.5,111.0,Sobol1,RQ,1.0,-,1.0,-,23.112919732948285,0.0211979909220682,0.9416726308339602
347,0.5,111.0,Sobol1,ESS,1.0,-,-,1.0,678.6773869976843,0.9953361924552,-49.290913482041134
348,0.5,111.0,Sobol2,RBF,1.0,-,-,-,25.939489258834584,0.0225392363661583,0.9281180795505722
349,0.5,111.0,Sobol2,Matern,1.0,1.5,-,-,21.331321132324632,0.0185073338586848,0.9513892481993588
350,0.5,111.0,Sobol2,RQ,1.0,-,1.0,-,24.48029812325531,0.0222876517343248,0.9359778529037184
351,0.5,111.0,Sobol2,ESS,1.0,-,-,1.0,678.7549589593657,0.994851753711106,-48.21787525763723
352,0.5,816.0,Grid1296,RBF,1.0,-,-,-,229.1339666214013,0.2707563595174207,-4.234048163755928
353,0.5,816.0,Grid1296,Matern,1.0,1.5,-,-,56.592291139625615,0.0540529098791037,0.6807188189157943
354,0.5,816.0,Grid1296,RQ,1.0,-,1.0,-,54.92740287688152,0.062147354467222,0.6992283505142827
355,0.5,816.0,Grid1296,ESS,1.0,-,-,1.0,676.757362944773,0.9940658696627004,-44.658826666171
356,0.5,816.0,Grid2401,RBF,1.0,-,-,-,417.2591876923058,0.5444811657227961,-15.952035589881202
357,0.5,816.0,Grid2401,Matern,1.0,1.5,-,-,31.81413499657348,0.0360756037590009,0.9014514410389106
358,0.5,816.0,Grid2401,RQ,1.0,-,1.0,-,84.58942497570102,0.0858339077592653,0.303305817060832
359,0.5,816.0,Grid2401,ESS,1.0,-,-,1.0,670.7604424253568,0.9901759353416354,-42.80714235178296
360,0.5,816.0,Sobol1,RBF,1.0,-,-,-,28.411690763222992,0.0226712598187452,0.9120051812396364
361,0.5,816.0,Sobol1,Matern,1.0,1.5,-,-,20.50090374678714,0.0171218679639552,0.954184866529007
362,0.5,816.0,Sobol1,RQ,1.0,-,1.0,-,23.054377749310376,0.0209244852724659,0.9420611657710284
363,0.5,816.0,Sobol1,ESS,1.0,-,-,1.0,674.8245386073864,0.9859927736626752,-48.64147483355087
364,0.5,816.0,Sobol2,RBF,1.0,-,-,-,24.7818370900438,0.0219358448830115,0.931926184904653
365,0.5,816.0,Sobol2,Matern,1.0,1.5,-,-,20.361778328606228,0.0172794240015141,0.9540437582318556
366,0.5,816.0,Sobol2,RQ,1.0,-,1.0,-,23.030240618960573,0.0207546584948493,0.941209108448282
367,0.5,816.0,Sobol2,ESS,1.0,-,-,1.0,24.78174132200128,0.0219357541088379,0.9319267110386436
368,0.5,968.0,Grid1296,RBF,1.0,-,-,-,193.07013594054283,0.2199023273703159,-2.749469409214583
369,0.5,968.0,Grid1296,Matern,1.0,1.5,-,-,58.06984402405888,0.0541639391939723,0.66081164866447
370,0.5,968.0,Grid1296,RQ,1.0,-,1.0,-,51.23349961673033,0.0588937848649154,0.7359734173470257
371,0.5,968.0,Grid1296,ESS,1.0,-,-,1.0,592.0673966526989,0.8114785908637449,-34.25996711067254
372,0.5,968.0,Grid2401,RBF,1.0,-,-,-,387.71911621369793,0.5010230659309202,-13.412849604929123
373,0.5,968.0,Grid2401,Matern,1.0,1.5,-,-,32.90189266645731,0.0369673435423413,0.8962095991663633
374,0.5,968.0,Grid2401,RQ,1.0,-,1.0,-,83.05593238690314,0.0837072899350245,0.338611342594505
375,0.5,968.0,Grid2401,ESS,1.0,-,-,1.0,1430.8878317205767,0.7683728081111607,-195.30285120217027
376,0.5,968.0,Sobol1,RBF,1.0,-,-,-,27.633037940884165,0.0244655450804262,0.9167177510006904
377,0.5,968.0,Sobol1,Matern,1.0,1.5,-,-,20.600336284432576,0.0173089393783351,0.9537146238127838
378,0.5,968.0,Sobol1,RQ,1.0,-,1.0,-,23.671148851456174,0.0216048330659376,0.938886965203868
379,0.5,968.0,Sobol1,ESS,1.0,-,-,1.0,676.4482584243337,0.9908398916617722,-48.90733089854474
380,0.5,968.0,Sobol2,RBF,1.0,-,-,-,25.318636887546425,0.0220343680109806,0.9293309144016794
381,0.5,968.0,Sobol2,Matern,1.0,1.5,-,-,20.865718332475318,0.0180754587659728,0.952002843148233
382,0.5,968.0,Sobol2,RQ,1.0,-,1.0,-,24.65714740379018,0.0228582639438516,0.932975359347224
383,0.5,968.0,Sobol2,ESS,1.0,-,-,1.0,25.31863449922962,0.0220343659878968,0.929330927734163
384,0.5,48.0,Grid1296,RBF,1.0,-,-,-,214.60978998718005,0.2508678640672766,-3.59136328324247
385,0.5,48.0,Grid1296,Matern,1.0,1.5,-,-,58.17159986803735,0.0541148268429851,0.6626625061762126
386,0.5,48.0,Grid1296,RQ,1.0,-,1.0,-,52.80214976904427,0.0602109547002514,0.7220633574390662
387,0.5,48.0,Grid1296,ESS,1.0,-,-,1.0,214.6098381578145,0.2508679324526489,-3.591365344368453
388,0.5,48.0,Grid2401,RBF,1.0,-,-,-,371.6801137455191,0.4811017898499467,-12.384702303725412
389,0.5,48.0,Grid2401,Matern,1.0,1.5,-,-,34.69743918126379,0.0381780840876214,0.8833553264749368
390,0.5,48.0,Grid2401,RQ,1.0,-,1.0,-,84.47340805024673,0.0855867778152046,0.3086306895361977
391,0.5,48.0,Grid2401,ESS,1.0,-,-,1.0,371.68011510066367,0.4811017917239683,-12.384702401326583
392,0.5,48.0,Sobol1,RBF,1.0,-,-,-,29.511977264169044,0.0231703787976667,0.9066012361834492
393,0.5,48.0,Sobol1,Matern,1.0,1.5,-,-,21.986692889655263,0.0183754930812595,0.9481600787277626
394,0.5,48.0,Sobol1,RQ,1.0,-,1.0,-,24.328296205936304,0.0221235936723691,0.9365300870623842
395,0.5,48.0,Sobol1,ESS,1.0,-,-,1.0,34.36659402199066,0.0269825328246042,0.8733464118775469
396,0.5,48.0,Sobol2,RBF,1.0,-,-,-,36.26869562611557,0.0293722226242652,0.8574766301587392
397,0.5,48.0,Sobol2,Matern,1.0,1.5,-,-,23.53597082482788,0.0199524852734785,0.9399813195771956
398,0.5,48.0,Sobol2,RQ,1.0,-,1.0,-,25.73953552407217,0.024222084075955,0.9282166668829288
399,0.5,48.0,Sobol2,ESS,1.0,-,-,1.0,32.666745185641616,0.0260371392794427,0.8843797408659635
400,0.5,986.0,Grid1296,RBF,1.0,-,-,-,679.2714001159392,0.9999310374398304,-45.144905151323336
401,0.5,986.0,Grid1296,Matern,1.0,1.5,-,-,56.88818456625278,0.0533727859671495,0.6763457994706031
402,0.5,986.0,Grid1296,RQ,1.0,-,1.0,-,52.07323544705007,0.0594409093200982,0.7288146506372801
403,0.5,986.0,Grid1296,ESS,1.0,-,-,1.0,199.1152961048909,0.2283703082393236,-2.9650288029279044
404,0.5,986.0,Grid2401,RBF,1.0,-,-,-,675.3986866232864,0.9998898124174193,-43.31403411445076
405,0.5,986.0,Grid2401,Matern,1.0,1.5,-,-,36.16404279445937,0.0395676349282618,0.8729499579485662
406,0.5,986.0,Grid2401,RQ,1.0,-,1.0,-,83.54518346904482,0.0841254391944437,0.3219469117689402
407,0.5,986.0,Grid2401,ESS,1.0,-,-,1.0,341.1799087961479,0.4381027039301205,-10.30805108248662
408,0.5,986.0,Sobol1,RBF,1.0,-,-,-,681.2538830421975,0.9997738645930264,-48.77970780547394
409,0.5,986.0,Sobol1,Matern,1.0,1.5,-,-,20.97237566128579,0.0173993949638303,0.9528230762876468
410,0.5,986.0,Sobol1,RQ,1.0,-,1.0,-,24.03462978721185,0.0219631170135719,0.9380403100920708
411,0.5,986.0,Sobol1,ESS,1.0,-,-,1.0,29.12060060695412,0.0237548176992955,0.9090432324995376
412,0.5,986.0,Sobol2,RBF,1.0,-,-,-,32.39721124079158,0.0255327387603168,0.885185701855953
413,0.5,986.0,Sobol2,Matern,1.0,1.5,-,-,22.56479828262568,0.0189456172507096,0.9443014831249344
414,0.5,986.0,Sobol2,RQ,1.0,-,1.0,-,24.39091343398174,0.0231925467882807,0.9349216025815552
415,0.5,986.0,Sobol2,ESS,1.0,-,-,1.0,32.37227324685568,0.0255137102702852,0.8853623921426654
416,0.5,829.0,Grid1296,RBF,1.0,-,-,-,250.92502318413383,0.3029688291520895,-5.316823322556295
417,0.5,829.0,Grid1296,Matern,1.0,1.5,-,-,58.9382209198111,0.0542415710577388,0.6514983578423381
418,0.5,829.0,Grid1296,RQ,1.0,-,1.0,-,52.69173669555755,0.0603803294336035,0.7214547158398992
419,0.5,829.0,Grid1296,ESS,1.0,-,-,1.0,250.92489416669585,0.302968650647524,-5.316816826750166
420,0.5,829.0,Grid2401,RBF,1.0,-,-,-,345.0191680818978,0.4429532614175694,-10.606755600951583
421,0.5,829.0,Grid2401,Matern,1.0,1.5,-,-,33.82636091972213,0.0376142200777849,0.8884332070508958
422,0.5,829.0,Grid2401,RQ,1.0,-,1.0,-,84.99688959436594,0.0858830215147331,0.2955819772143035
423,0.5,829.0,Grid2401,ESS,1.0,-,-,1.0,345.0190990024629,0.442953174587401,-10.606750953163216
424,0.5,829.0,Sobol1,RBF,1.0,-,-,-,29.44537696149173,0.0237302460040996,0.904471963781302
425,0.5,829.0,Sobol1,Matern,1.0,1.5,-,-,21.59960545475921,0.0178831586680083,0.9485970256573468
426,0.5,829.0,Sobol1,RQ,1.0,-,1.0,-,23.80750756197924,0.0214102514044941,0.937551145749876
427,0.5,829.0,Sobol1,ESS,1.0,-,-,1.0,29.44536555728998,0.0237302374648906,0.9044720377773516
428,0.5,829.0,Sobol2,RBF,1.0,-,-,-,24.2088953690107,0.0212593140979269,0.9364160613630972
429,0.5,829.0,Sobol2,Matern,1.0,1.5,-,-,20.659819477695525,0.0179739020847734,0.9536925864864588
430,0.5,829.0,Sobol2,RQ,1.0,-,1.0,-,23.964334438619076,0.0223311111294982,0.9376942363731008
431,0.5,829.0,Sobol2,ESS,1.0,-,-,1.0,24.20888690985162,0.0212593064091588,0.9364161057985456
432,0.5,996.0,Grid1296,RBF,1.0,-,-,-,229.96587241759173,0.2716883814526621,-4.284946474180471
433,0.5,996.0,Grid1296,Matern,1.0,1.5,-,-,58.67577563184647,0.0543360169044668,0.6559421342296616
434,0.5,996.0,Grid1296,RQ,1.0,-,1.0,-,52.69338211175869,0.0605283471039261,0.7225236572484248
435,0.5,996.0,Grid1296,ESS,1.0,-,-,1.0,590.8974845762566,0.7978667669619673,-33.89298269105012
436,0.5,996.0,Grid2401,RBF,1.0,-,-,-,369.2033974568277,0.4780257037296764,-12.250949765268684
437,0.5,996.0,Grid2401,Matern,1.0,1.5,-,-,35.32803495141741,0.039029693458897,0.8786738007761212
438,0.5,996.0,Grid2401,RQ,1.0,-,1.0,-,84.70723614303834,0.0857906055498357,0.3024800182843714
439,0.5,996.0,Grid2401,ESS,1.0,-,-,1.0,572.3303124936074,0.7629147992420056,-30.84264435471749
440,0.5,996.0,Sobol1,RBF,1.0,-,-,-,28.20202650623817,0.023489001230946,0.9147077661507302
441,0.5,996.0,Sobol1,Matern,1.0,1.5,-,-,21.51416240498992,0.0184363746258711,0.9503638896442252
442,0.5,996.0,Sobol1,RQ,1.0,-,1.0,-,23.822608673446627,0.0221446341610583,0.9391406247717744
443,0.5,996.0,Sobol1,ESS,1.0,-,-,1.0,679.1734813335765,0.996336110154401,-48.46639905841628
444,0.5,996.0,Sobol2,RBF,1.0,-,-,-,26.03874947354643,0.022720693952232,0.92457382794431
445,0.5,996.0,Sobol2,Matern,1.0,1.5,-,-,20.99720158232614,0.0176680945391088,0.9509538799865768
446,0.5,996.0,Sobol2,RQ,1.0,-,1.0,-,23.072231205820582,0.0208288390682506,0.9407810079142774
447,0.5,996.0,Sobol2,ESS,1.0,-,-,1.0,680.1240652884852,0.9953726600942407,-50.45861644495741
448,0.5,272.0,Grid1296,RBF,1.0,-,-,-,232.2443873294177,0.2759803307149179,-4.37429716952469
449,0.5,272.0,Grid1296,Matern,1.0,1.5,-,-,58.880448939698304,0.0561479755078442,0.6545593454529894
450,0.5,272.0,Grid1296,RQ,1.0,-,1.0,-,54.84433357685058,0.0623044772546676,0.7002944744724823
451,0.5,272.0,Grid1296,ESS,1.0,-,-,1.0,679.3326803059707,1.0,-44.982887305882734
452,0.5,272.0,Grid2401,RBF,1.0,-,-,-,341.03733260317955,0.43839369272699,-10.287364343344326
453,0.5,272.0,Grid2401,Matern,1.0,1.5,-,-,37.777704847895066,0.0420799243647693,0.8614967907604566
454,0.5,272.0,Grid2401,RQ,1.0,-,1.0,-,82.8283239706192,0.0838603324776695,0.3341959307881647
455,0.5,272.0,Grid2401,ESS,1.0,-,-,1.0,675.5957793560677,1.0,-43.295800404142646
456,0.5,272.0,Sobol1,RBF,1.0,-,-,-,27.68208265426281,0.0233871757872502,0.9168337374557464
457,0.5,272.0,Sobol1,Matern,1.0,1.5,-,-,20.847667238031,0.0175069423036671,0.9528301390934896
458,0.5,272.0,Sobol1,RQ,1.0,-,1.0,-,23.190433868185178,0.0213413588246859,0.941632994758613
459,0.5,272.0,Sobol1,ESS,1.0,-,-,1.0,679.148102228837,0.996205871893639,-49.058593812553625
460,0.5,272.0,Sobol2,RBF,1.0,-,-,-,38.8199829003293,0.0312220619592664,0.8347677875460057
461,0.5,272.0,Sobol2,Matern,1.0,1.5,-,-,23.03473721681536,0.0193421650048094,0.9418231017375994
462,0.5,272.0,Sobol2,RQ,1.0,-,1.0,-,26.20912506654473,0.0241999849882496,0.9246836812016204
463,0.5,272.0,Sobol2,ESS,1.0,-,-,1.0,679.6913392105143,0.9960423628187484,-49.65327275031522
464,0.5,759.0,Grid1296,RBF,1.0,-,-,-,679.3051615948484,1.0,-45.15511323905999
465,0.5,759.0,Grid1296,Matern,1.0,1.5,-,-,57.68526823952275,0.0546822594769997,0.6671720234335167
466,0.5,759.0,Grid1296,RQ,1.0,-,1.0,-,52.56468779136014,0.0604796001191214,0.723638099693597
467,0.5,759.0,Grid1296,ESS,1.0,-,-,1.0,114.69854889396872,0.1098978806983254,-0.3158483454277867
468,0.5,759.0,Grid2401,RBF,1.0,-,-,-,675.8600696607754,1.0,-43.22768774928306
469,0.5,759.0,Grid2401,Matern,1.0,1.5,-,-,675.8600696607754,1.0,-43.22768774928306
470,0.5,759.0,Grid2401,RQ,1.0,-,1.0,-,82.56952586093738,0.0834925505988746,0.339884031285847
471,0.5,759.0,Grid2401,ESS,1.0,-,-,1.0,1688.6462484569995,0.7030394348865018,-275.0946659514328
472,0.5,759.0,Sobol1,RBF,1.0,-,-,-,681.1306109257742,1.0,-49.26591473941858
473,0.5,759.0,Sobol1,Matern,1.0,1.5,-,-,20.73463367464859,0.0175196401573869,0.9534193518615792
474,0.5,759.0,Sobol1,RQ,1.0,-,1.0,-,23.55582762115237,0.0219153085362481,0.9398813072729806
475,0.5,759.0,Sobol1,ESS,1.0,-,-,1.0,26.420155271162574,0.0227923680296992,0.9243718417076172
476,0.5,759.0,Sobol2,RBF,1.0,-,-,-,681.4956259196989,1.0,-49.13856246114435
477,0.5,759.0,Sobol2,Matern,1.0,1.5,-,-,21.27905402166498,0.0179768088501844,0.9511178424104628
478,0.5,759.0,Sobol2,RQ,1.0,-,1.0,-,25.103515726183065,0.0229926227963063,0.9319677508201936
479,0.5,759.0,Sobol2,ESS,1.0,-,-,1.0,26.620724650949963,0.0222196539313846,0.9234957645631954
480,0.5,390.0,Grid1296,RBF,1.0,-,-,-,233.3793320286117,0.2773157449997965,-4.420806465341632
481,0.5,390.0,Grid1296,Matern,1.0,1.5,-,-,57.459758984541565,0.0538895083647581,0.6714006368971063
482,0.5,390.0,Grid1296,RQ,1.0,-,1.0,-,53.07850436446421,0.061072827636709,0.7196009931065415
483,0.5,390.0,Grid1296,ESS,1.0,-,-,1.0,233.3793331077959,0.2773157465076084,-4.420806515475023
484,0.5,390.0,Grid2401,RBF,1.0,-,-,-,379.8996250598526,0.4933975440265057,-12.983893957946794
485,0.5,390.0,Grid2401,Matern,1.0,1.5,-,-,37.521107127859466,0.0420058949599605,0.8635914221330087
486,0.5,390.0,Grid2401,RQ,1.0,-,1.0,-,83.24287430264155,0.0837377448352772,0.3285950677471312
487,0.5,390.0,Grid2401,ESS,1.0,-,-,1.0,379.89962116614106,0.4933975389816338,-12.98389367129608
488,0.5,390.0,Sobol1,RBF,1.0,-,-,-,25.797544882367653,0.0216097775297898,0.9276589298897832
489,0.5,390.0,Sobol1,Matern,1.0,1.5,-,-,19.97814397050299,0.0166280153373697,0.9566151148214732
490,0.5,390.0,Sobol1,RQ,1.0,-,1.0,-,22.19577147448306,0.02026956958791,0.9464488668736722
491,0.5,390.0,Sobol1,ESS,1.0,-,-,1.0,25.797542605651184,0.0216097754826364,0.9276589426584476
492,0.5,390.0,Sobol2,RBF,1.0,-,-,-,26.91242084862432,0.0228821085456206,0.9208771466091188
493,0.5,390.0,Sobol2,Matern,1.0,1.5,-,-,21.06750961048329,0.0180092895225464,0.9515132794582166
494,0.5,390.0,Sobol2,RQ,1.0,-,1.0,-,24.86460328945767,0.0225594414141842,0.932460245340036
495,0.5,390.0,Sobol2,ESS,1.0,-,-,1.0,26.912420380136734,0.0228821081819357,0.9208771493638374
496,0.5,930.0,Grid1296,RBF,1.0,-,-,-,235.89522418355196,0.2809901402857059,-4.551884510300441
497,0.5,930.0,Grid1296,Matern,1.0,1.5,-,-,56.97036601493769,0.0545007690512528,0.6761826265747757
498,0.5,930.0,Grid1296,RQ,1.0,-,1.0,-,53.46128029509985,0.060762368252658,0.7148451014153349
499,0.5,930.0,Grid1296,ESS,1.0,-,-,1.0,591.2832215156789,0.8198463402864659,-33.881346182047146
500,0.5,930.0,Grid2401,RBF,1.0,-,-,-,279.0029647442097,0.3584589287703617,-6.5226310128974205
501,0.5,930.0,Grid2401,Matern,1.0,1.5,-,-,44.2461113993977,0.0484711391830655,0.8108081863325143
502,0.5,930.0,Grid2401,RQ,1.0,-,1.0,-,83.34581375256944,0.0835751300226036,0.3286952717543785
503,0.5,930.0,Grid2401,ESS,1.0,-,-,1.0,574.3919715813059,0.7859991403123138,-30.88370966353715
504,0.5,930.0,Sobol1,RBF,1.0,-,-,-,28.533253471924517,0.023107129626965,0.911248095264461
505,0.5,930.0,Sobol1,Matern,1.0,1.5,-,-,21.295743573626638,0.0174548198224892,0.9505620207376232
506,0.5,930.0,Sobol1,RQ,1.0,-,1.0,-,23.33489029415226,0.0210829401472659,0.9406409939166676
507,0.5,930.0,Sobol1,ESS,1.0,-,-,1.0,679.4846231323171,0.9951729640254504,-49.33086096666752
508,0.5,930.0,Sobol2,RBF,1.0,-,-,-,33.29789687699456,0.0269782421858255,0.8787969348170841
509,0.5,930.0,Sobol2,Matern,1.0,1.5,-,-,22.030581633728723,0.0190479140412777,0.9469443155485252
510,0.5,930.0,Sobol2,RQ,1.0,-,1.0,-,24.1701649720405,0.0229961671128865,0.936138483920898
511,0.5,930.0,Sobol2,ESS,1.0,-,-,1.0,679.063962616078,0.9952002624369992,-49.40821999811267
512,0.5,633.0,Grid1296,RBF,1.0,-,-,-,679.567396658536,1.0,-45.2226153333768
513,0.5,633.0,Grid1296,Matern,1.0,1.5,-,-,679.5672677902794,0.9999997737101276,-45.222597802732096
514,0.5,633.0,Grid1296,RQ,1.0,-,1.0,-,53.202016832962805,0.0605157251139675,0.7167006110161112
515,0.5,633.0,Grid1296,ESS,1.0,-,-,1.0,624.9878645560938,0.8796800664111833,-38.09602598837649
516,0.5,633.0,Grid2401,RBF,1.0,-,-,-,675.5258896098691,1.0,-43.294748518118325
517,0.5,633.0,Grid2401,Matern,1.0,1.5,-,-,675.5162238880713,0.9999889661690886,-43.2934809496658
518,0.5,633.0,Grid2401,RQ,1.0,-,1.0,-,83.03556864562024,0.0840576081190767,0.3307373749553814
519,0.5,633.0,Grid2401,ESS,1.0,-,-,1.0,598.0530871426998,0.8279055123696907,-33.71744189372234
520,0.5,633.0,Sobol1,RBF,1.0,-,-,-,681.8998773112008,1.0,-50.88909512511815
521,0.5,633.0,Sobol1,Matern,1.0,1.5,-,-,681.8897473397807,0.9999876559644272,-50.88755345847812
522,0.5,633.0,Sobol1,RQ,1.0,-,1.0,-,22.806191767308157,0.0204477163786101,0.9419582609606942
523,0.5,633.0,Sobol1,ESS,1.0,-,-,1.0,673.7896745874559,0.9822287356140686,-49.66214521907062
524,0.5,633.0,Sobol2,RBF,1.0,-,-,-,681.2428897714348,1.0,-49.0073359907551
525,0.5,633.0,Sobol2,Matern,1.0,1.5,-,-,21.26783201796705,0.0183130848112288,0.9512610468257762
526,0.5,633.0,Sobol2,RQ,1.0,-,1.0,-,23.916082937121903,0.0225406671498598,0.9383674898554007
527,0.5,633.0,Sobol2,ESS,1.0,-,-,1.0,675.1613805414858,0.9866261362879654,-48.1184823148065
528,0.5,928.0,Grid1296,RBF,1.0,-,-,-,245.46820186036533,0.2937786463934064,-4.987303908696985
529,0.5,928.0,Grid1296,Matern,1.0,1.5,-,-,56.89529512238615,0.0540890861145644,0.6783426131022716
530,0.5,928.0,Grid1296,RQ,1.0,-,1.0,-,55.84675625567258,0.0630259175697437,0.6900891889281744
531,0.5,928.0,Grid1296,ESS,1.0,-,-,1.0,245.4671157553982,0.2937771362764416,-4.987250925654135
532,0.5,928.0,Grid2401,RBF,1.0,-,-,-,352.5144917007974,0.4540571062908902,-11.11231128987374
533,0.5,928.0,Grid2401,Matern,1.0,1.5,-,-,32.91412588898531,0.0366356432408676,0.8944063687874381
534,0.5,928.0,Grid2401,RQ,1.0,-,1.0,-,83.1786099036617,0.0843329696385806,0.3256328769306631
535,0.5,928.0,Grid2401,ESS,1.0,-,-,1.0,352.5139270520725,0.4540563899115142,-11.112272487522016
536,0.5,928.0,Sobol1,RBF,1.0,-,-,-,27.829470846679268,0.0239334973884961,0.9148663274203312
537,0.5,928.0,Sobol1,Matern,1.0,1.5,-,-,21.22046535017923,0.0175764893228478,0.9505004468573696
538,0.5,928.0,Sobol1,RQ,1.0,-,1.0,-,23.21805353322787,0.0210128410233528,0.9407425323820012
539,0.5,928.0,Sobol1,ESS,1.0,-,-,1.0,27.8293943759992,0.0239334300585189,0.9148667952855616
540,0.5,928.0,Sobol2,RBF,1.0,-,-,-,29.533759196726365,0.0253953698056965,0.9032071123155794
541,0.5,928.0,Sobol2,Matern,1.0,1.5,-,-,22.470170978264093,0.0192164277787504,0.9439702426552208
542,0.5,928.0,Sobol2,RQ,1.0,-,1.0,-,24.098544899049006,0.0223426095758144,0.9355552374607928
543,0.5,928.0,Sobol2,ESS,1.0,-,-,1.0,29.533685577731468,0.0253953061579695,0.9032075948675076
544,0.5,854.0,Grid1296,RBF,1.0,-,-,-,208.5517173415249,0.2420342715907523,-3.3291750046390103
545,0.5,854.0,Grid1296,Matern,1.0,1.5,-,-,58.072878989347146,0.0545673008083271,0.6643208898548474
546,0.5,854.0,Grid1296,RQ,1.0,-,1.0,-,54.68356514711498,0.0621007555253113,0.7023600358637149
547,0.5,854.0,Grid1296,ESS,1.0,-,-,1.0,643.8266506159621,0.9240126861321464,-40.25869633492217
548,0.5,854.0,Grid2401,RBF,1.0,-,-,-,393.0399462393537,0.5112030453174081,-13.997626291562357
549,0.5,854.0,Grid2401,Matern,1.0,1.5,-,-,34.20221870530858,0.0370822865214785,0.886431548624427
550,0.5,854.0,Grid2401,RQ,1.0,-,1.0,-,85.21602560293653,0.0870136697493208,0.294995815445303
551,0.5,854.0,Grid2401,ESS,1.0,-,-,1.0,617.6545072997275,0.8741327938437468,-36.03738996923539
552,0.5,854.0,Sobol1,RBF,1.0,-,-,-,25.039643896387325,0.0213447859518263,0.931329770083702
553,0.5,854.0,Sobol1,Matern,1.0,1.5,-,-,20.3110816321344,0.017140968866752,0.9548166623912304
554,0.5,854.0,Sobol1,RQ,1.0,-,1.0,-,23.454255213278906,0.0210445223751629,0.9397502154688951
555,0.5,854.0,Sobol1,ESS,1.0,-,-,1.0,25.039628685007035,0.0213447736565542,0.9313298535168903
556,0.5,854.0,Sobol2,RBF,1.0,-,-,-,33.68586063344779,0.0275813690267272,0.8764179850861031
557,0.5,854.0,Sobol2,Matern,1.0,1.5,-,-,22.738676316241143,0.0194773401990616,0.9436893765345729
558,0.5,854.0,Sobol2,RQ,1.0,-,1.0,-,26.18505296326457,0.0243011580736648,0.9253264342230494
559,0.5,854.0,Sobol2,ESS,1.0,-,-,1.0,33.685842103047925,0.0275813540475864,0.8764181210495893
560,0.5,554.0,Grid1296,RBF,1.0,-,-,-,190.66715370034095,0.2165409008546777,-2.6462348486453706
561,0.5,554.0,Grid1296,Matern,1.0,1.5,-,-,58.216063678795095,0.0534577266435316,0.6600785704153285
562,0.5,554.0,Grid1296,RQ,1.0,-,1.0,-,51.00160979100309,0.0583343290667723,0.7391080739330199
563,0.5,554.0,Grid1296,ESS,1.0,-,-,1.0,190.6671343804322,0.216540872484868,-2.64623410971452
564,0.5,554.0,Grid2401,RBF,1.0,-,-,-,446.1305497205309,0.5850083406981638,-18.28343242260113
565,0.5,554.0,Grid2401,Matern,1.0,1.5,-,-,34.33015061480549,0.0368841355097709,0.8858142704958335
566,0.5,554.0,Grid2401,RQ,1.0,-,1.0,-,84.11088379689163,0.086000109592241,0.3145673213600909
567,0.5,554.0,Grid2401,ESS,1.0,-,-,1.0,446.1306183488244,0.585008447617322,-18.28343835534509
568,0.5,554.0,Sobol1,RBF,1.0,-,-,-,29.31166203531235,0.0239795643402687,0.9054465747525096
569,0.5,554.0,Sobol1,Matern,1.0,1.5,-,-,21.737361265580468,0.0184351425904633,0.9479992002095284
570,0.5,554.0,Sobol1,RQ,1.0,-,1.0,-,23.979549572192823,0.0213326438941419,0.936718258973462
571,0.5,554.0,Sobol1,ESS,1.0,-,-,1.0,29.31165998915485,0.0239795627301027,0.90544658795348
572,0.5,554.0,Sobol2,RBF,1.0,-,-,-,27.017206565347536,0.0238705533618394,0.9193616374603742
573,0.5,554.0,Sobol2,Matern,1.0,1.5,-,-,21.800498966953263,0.0187196612619988,0.947495844034694
574,0.5,554.0,Sobol2,RQ,1.0,-,1.0,-,24.99980711291464,0.023152478927984,0.9309546986434484
575,0.5,554.0,Sobol2,ESS,1.0,-,-,1.0,27.01720480401055,0.0238705518204366,0.9193616479745128
576,0.5,562.0,Grid1296,RBF,1.0,-,-,-,679.5789759452135,1.0,-45.17767962075727
577,0.5,562.0,Grid1296,Matern,1.0,1.5,-,-,56.81087097877912,0.053440760831572,0.6772879872169555
578,0.5,562.0,Grid1296,RQ,1.0,-,1.0,-,51.22332550294981,0.058901981080083,0.7376459473491016
579,0.5,562.0,Grid1296,ESS,1.0,-,-,1.0,241.5746857392537,0.2885835466498761,-4.835191097805798
580,0.5,562.0,Grid2401,RBF,1.0,-,-,-,676.0800271295419,1.0,-43.05887799962311
581,0.5,562.0,Grid2401,Matern,1.0,1.5,-,-,41.39458666350305,0.0443493407166648,0.8348326040147955
582,0.5,562.0,Grid2401,RQ,1.0,-,1.0,-,84.44286067129244,0.0855523083347943,0.3126734882566623
583,0.5,562.0,Grid2401,ESS,1.0,-,-,1.0,271.2857744080347,0.3474669600658181,-6.094001287144143
584,0.5,562.0,Sobol1,RBF,1.0,-,-,-,681.0775230813571,1.0,-48.48527601481106
585,0.5,562.0,Sobol1,Matern,1.0,1.5,-,-,21.64284053104952,0.0177160184003949,0.950029761751448
586,0.5,562.0,Sobol1,RQ,1.0,-,1.0,-,24.63410073284356,0.0221444698495943,0.935262439916846
587,0.5,562.0,Sobol1,ESS,1.0,-,-,1.0,28.652820228766107,0.0230039403699644,0.9124174368163636
588,0.5,562.0,Sobol2,RBF,1.0,-,-,-,681.4356149770243,1.0,-50.81290545794327
589,0.5,562.0,Sobol2,Matern,1.0,1.5,-,-,21.847799214720585,0.0188486151955203,0.9467396909541664
590,0.5,562.0,Sobol2,RQ,1.0,-,1.0,-,23.89583328993627,0.0224030963849349,0.9362863258926304
591,0.5,562.0,Sobol2,ESS,1.0,-,-,1.0,32.7220368343226,0.0291153127618874,0.8805272256908003
592,0.5,78.0,Grid1296,RBF,1.0,-,-,-,259.08791006776244,0.3127808722865776,-5.662038162870552
593,0.5,78.0,Grid1296,Matern,1.0,1.5,-,-,58.333091029160144,0.0549880872034767,0.6622908710798652
594,0.5,78.0,Grid1296,RQ,1.0,-,1.0,-,55.71450738855387,0.0627104294307201,0.6919299986082621
595,0.5,78.0,Grid1296,ESS,1.0,-,-,1.0,679.3390138634136,1.0,-44.80215725972243
596,0.5,78.0,Grid2401,RBF,1.0,-,-,-,333.6503936089094,0.4281645857249703,-9.80321200105852
597,0.5,78.0,Grid2401,Matern,1.0,1.5,-,-,39.25540745917053,0.0419852808752566,0.8504561371048838
598,0.5,78.0,Grid2401,RQ,1.0,-,1.0,-,85.202026153761,0.0864482910792275,0.2955187138413482
599,0.5,78.0,Grid2401,ESS,1.0,-,-,1.0,674.4484131644391,0.997199110779925,-43.14353313952603
600,0.5,78.0,Sobol1,RBF,1.0,-,-,-,26.709987971437663,0.0227856264379968,0.9216073044827848
601,0.5,78.0,Sobol1,Matern,1.0,1.5,-,-,21.2472822315708,0.0177361277987731,0.9503939111911274
602,0.5,78.0,Sobol1,RQ,1.0,-,1.0,-,23.69047873550837,0.0215084856957276,0.9383297247272244
603,0.5,78.0,Sobol1,ESS,1.0,-,-,1.0,677.9487087718962,0.9931402908006692,-49.50354791949528
604,0.5,78.0,Sobol2,RBF,1.0,-,-,-,25.35014968837833,0.0224935966886953,0.9293943697199736
605,0.5,78.0,Sobol2,Matern,1.0,1.5,-,-,21.21985362021829,0.0184812108823907,0.9505275924719294
606,0.5,78.0,Sobol2,RQ,1.0,-,1.0,-,24.25684535018124,0.0224771394860522,0.9353532172014098
607,0.5,78.0,Sobol2,ESS,1.0,-,-,1.0,23.06691914176273,0.0203467180438903,0.9415401812510212
608,0.5,222.0,Grid1296,RBF,1.0,-,-,-,679.6035821319149,1.0,-45.109022325592704
609,0.5,222.0,Grid1296,Matern,1.0,1.5,-,-,59.1475441495362,0.0544550734824381,0.6507406597531917
610,0.5,222.0,Grid1296,RQ,1.0,-,1.0,-,52.27343585288043,0.0600176136394062,0.727204822741027
611,0.5,222.0,Grid1296,ESS,1.0,-,-,1.0,245.750743705598,0.2943688131613611,-5.029263669191634
612,0.5,222.0,Grid2401,RBF,1.0,-,-,-,676.0067678885717,1.0,-43.095470491596586
613,0.5,222.0,Grid2401,Matern,1.0,1.5,-,-,34.29134855605386,0.0374825787653107,0.886535233860954
614,0.5,222.0,Grid2401,RQ,1.0,-,1.0,-,84.18800259610879,0.0859429653969275,0.3161004711946236
615,0.5,222.0,Grid2401,ESS,1.0,-,-,1.0,360.5008967517784,0.4645811400323626,-11.540203716407191
616,0.5,222.0,Sobol1,RBF,1.0,-,-,-,680.886284217237,1.0,-49.37769975434622
617,0.5,222.0,Sobol1,Matern,1.0,1.5,-,-,20.7450310025577,0.0174538566766302,0.9532353876711273
618,0.5,222.0,Sobol1,RQ,1.0,-,1.0,-,22.69233899521577,0.0205300010845726,0.9440438677961664
619,0.5,222.0,Sobol1,ESS,1.0,-,-,1.0,25.194370306532075,0.0220582760268598,0.931024290137186
620,0.5,222.0,Sobol2,RBF,1.0,-,-,-,681.198484512763,1.0,-50.4304667406254
621,0.5,222.0,Sobol2,Matern,1.0,1.5,-,-,20.998790768429444,0.0174892037155993,0.9511278222155012
622,0.5,222.0,Sobol2,RQ,1.0,-,1.0,-,23.14283528332748,0.021138666129253,0.9406383111674674
623,0.5,222.0,Sobol2,ESS,1.0,-,-,1.0,25.19645494908309,0.0212081120264454,0.9296357598375412
624,0.5,294.0,Grid1296,RBF,1.0,-,-,-,255.55212374987508,0.3080416346159049,-5.501841088031534
625,0.5,294.0,Grid1296,Matern,1.0,1.5,-,-,57.57734099334684,0.0550359405098575,0.6699493662605078
626,0.5,294.0,Grid1296,RQ,1.0,-,1.0,-,54.61254750827639,0.0619984407502021,0.7030644246960351
627,0.5,294.0,Grid1296,ESS,1.0,-,-,1.0,173.6246865466271,0.1909978827786186,-2.0012371325716733
628,0.5,294.0,Grid2401,RBF,1.0,-,-,-,392.8377223332556,0.5097838163043928,-13.950628477512376
629,0.5,294.0,Grid2401,Matern,1.0,1.5,-,-,35.12589192396156,0.0390454117198735,0.8804670047320666
630,0.5,294.0,Grid2401,RQ,1.0,-,1.0,-,84.26539242075896,0.0856336736728729,0.3120900740885913
631,0.5,294.0,Grid2401,ESS,1.0,-,-,1.0,644.2123462279443,0.9300638372822244,-39.206027764836
632,0.5,294.0,Sobol1,RBF,1.0,-,-,-,26.320651111762466,0.0228233494305129,0.924798105122514
633,0.5,294.0,Sobol1,Matern,1.0,1.5,-,-,20.81457456758246,0.0178128762204309,0.95297047372929
634,0.5,294.0,Sobol1,RQ,1.0,-,1.0,-,23.36469566603127,0.0213919530041665,0.9407408000536444
635,0.5,294.0,Sobol1,ESS,1.0,-,-,1.0,26.319882850871885,0.0228226688346468,0.9248024951226936
636,0.5,294.0,Sobol2,RBF,1.0,-,-,-,31.425492888297622,0.0238510661533633,0.8909086806331875
637,0.5,294.0,Sobol2,Matern,1.0,1.5,-,-,22.43373423448637,0.0183844767496944,0.9444058442596824
638,0.5,294.0,Sobol2,RQ,1.0,-,1.0,-,24.09713638554631,0.0217679977998649,0.9358558773204356
639,0.5,294.0,Sobol2,ESS,1.0,-,-,1.0,31.424329074022687,0.0238503112206255,0.8909167606772613
640,0.5,725.0,Grid1296,RBF,1.0,-,-,-,222.6236678896681,0.2621655401677323,-3.9615432281347207
641,0.5,725.0,Grid1296,Matern,1.0,1.5,-,-,57.67929695334346,0.0537588491865869,0.6669464797725851
642,0.5,725.0,Grid1296,RQ,1.0,-,1.0,-,53.17708596893527,0.0604495432105969,0.7169108777898711
643,0.5,725.0,Grid1296,ESS,1.0,-,-,1.0,679.3661070231533,0.999861580250856,-45.2042436086439
644,0.5,725.0,Grid2401,RBF,1.0,-,-,-,368.6405755977236,0.4747957223055624,-12.112493491445456
645,0.5,725.0,Grid2401,Matern,1.0,1.5,-,-,36.36473590030667,0.0398802834102326,0.872403168434166
646,0.5,725.0,Grid2401,RQ,1.0,-,1.0,-,83.51203297819866,0.0846565100702988,0.3270587868476868
647,0.5,725.0,Grid2401,ESS,1.0,-,-,1.0,346.4836192216192,0.4458455019966175,-10.583623385305788
648,0.5,725.0,Sobol1,RBF,1.0,-,-,-,26.078670002149035,0.0221222475348313,0.925134848860132
649,0.5,725.0,Sobol1,Matern,1.0,1.5,-,-,20.13893321880477,0.0170306036963003,0.9553540825873352
650,0.5,725.0,Sobol1,RQ,1.0,-,1.0,-,22.43702829055434,0.0202526458142485,0.9445834481971888
651,0.5,725.0,Sobol1,ESS,1.0,-,-,1.0,680.080781732672,0.9955694347621488,-49.91313418060728
652,0.5,725.0,Sobol2,RBF,1.0,-,-,-,36.82239507022086,0.0310307894420466,0.8502268580744153
653,0.5,725.0,Sobol2,Matern,1.0,1.5,-,-,22.71710258722848,0.0196608347383906,0.9429946321568368
654,0.5,725.0,Sobol2,RQ,1.0,-,1.0,-,24.10052159191904,0.0228328367562077,0.9358402360319892
655,0.5,725.0,Sobol2,ESS,1.0,-,-,1.0,33.96682994141962,0.0284049261381381,0.8725558492235581
656,0.5,582.0,Grid1296,RBF,1.0,-,-,-,227.24368612073428,0.2679855042987838,-4.141967173854603
657,0.5,582.0,Grid1296,Matern,1.0,1.5,-,-,58.90654457973191,0.0547136314541799,0.6544803547229718
658,0.5,582.0,Grid1296,RQ,1.0,-,1.0,-,54.65731827006693,0.0617804806491663,0.7025306064747489
659,0.5,582.0,Grid1296,ESS,1.0,-,-,1.0,46.93735137766803,0.055945463966267,0.7806271853428206
660,0.5,582.0,Grid2401,RBF,1.0,-,-,-,418.620381966333,0.5469109045810259,-16.076025865235522
661,0.5,582.0,Grid2401,Matern,1.0,1.5,-,-,34.811782996130255,0.0384750011891032,0.8819139488206708
662,0.5,582.0,Grid2401,RQ,1.0,-,1.0,-,83.89399904193549,0.0844203001037604,0.3141836126830595
663,0.5,582.0,Grid2401,ESS,1.0,-,-,1.0,78.31397757585951,0.0815150448920374,0.4023806793611635
664,0.5,582.0,Sobol1,RBF,1.0,-,-,-,26.66199065385314,0.0223533078262098,0.9210953089312084
665,0.5,582.0,Sobol1,Matern,1.0,1.5,-,-,20.591059216682275,0.0172761789747971,0.9529374933146564
666,0.5,582.0,Sobol1,RQ,1.0,-,1.0,-,21.917135740314496,0.0199073155862748,0.9466805974006391
667,0.5,582.0,Sobol1,ESS,1.0,-,-,1.0,680.0365209369926,0.9962330729765144,-50.33128706895143
668,0.5,582.0,Sobol2,RBF,1.0,-,-,-,30.151129923997694,0.0233756756844206,0.9010268321085376
669,0.5,582.0,Sobol2,Matern,1.0,1.5,-,-,22.092949292034803,0.0185283234928884,0.9468604737224224
670,0.5,582.0,Sobol2,RQ,1.0,-,1.0,-,25.96988031281099,0.0232803129397397,0.9265739470441904
671,0.5,582.0,Sobol2,ESS,1.0,-,-,1.0,678.5530572945295,0.9928901415315212,-49.12771520654935
672,0.5,731.0,Grid1296,RBF,1.0,-,-,-,204.97036430045148,0.2371225430932806,-3.207004892959615
673,0.5,731.0,Grid1296,Matern,1.0,1.5,-,-,56.18178179640887,0.0535673245116465,0.6839310101441491
674,0.5,731.0,Grid1296,RQ,1.0,-,1.0,-,52.44194795324314,0.0599602615160373,0.7246097873198177
675,0.5,731.0,Grid1296,ESS,1.0,-,-,1.0,689.631602211099,1.0004302385680173,-46.623924447067125
676,0.5,731.0,Grid2401,RBF,1.0,-,-,-,350.2581093732295,0.4503599506188427,-10.97566277665566
677,0.5,731.0,Grid2401,Matern,1.0,1.5,-,-,35.874899958524026,0.0391607792259115,0.8743667608080997
678,0.5,731.0,Grid2401,RQ,1.0,-,1.0,-,83.09710149907586,0.084097027446125,0.3259456575105782
679,0.5,731.0,Grid2401,ESS,1.0,-,-,1.0,40.08674376526096,0.0294350216030704,0.8431354817336775
680,0.5,731.0,Sobol1,RBF,1.0,-,-,-,25.0858267913087,0.0217695545307989,0.933007261173628
681,0.5,731.0,Sobol1,Matern,1.0,1.5,-,-,20.323865216135708,0.0175439554930108,0.9560272621431471
682,0.5,731.0,Sobol1,RQ,1.0,-,1.0,-,24.040215788028657,0.0222178531023967,0.9384755673060066
683,0.5,731.0,Sobol1,ESS,1.0,-,-,1.0,679.0347923980546,0.9965310295270776,-48.08569551395357
684,0.5,731.0,Sobol2,RBF,1.0,-,-,-,32.5969372063966,0.0281696850909634,0.8820527641982513
685,0.5,731.0,Sobol2,Matern,1.0,1.5,-,-,22.92327439452059,0.0200378081528623,0.9416706037082884
686,0.5,731.0,Sobol2,RQ,1.0,-,1.0,-,24.995321482796957,0.0235304714274843,0.9306491753997916
687,0.5,731.0,Sobol2,ESS,1.0,-,-,1.0,35.577601586331376,0.0309383435471463,0.8594963811165416
688,0.5,249.0,Grid1296,RBF,1.0,-,-,-,679.3784628253891,1.0,-45.04837537564245
689,0.5,249.0,Grid1296,Matern,1.0,1.5,-,-,56.53078479629711,0.0527786945176161,0.681168816157536
690,0.5,249.0,Grid1296,RQ,1.0,-,1.0,-,52.76009183071125,0.0603501905994904,0.7222833946908256
691,0.5,249.0,Grid1296,ESS,1.0,-,-,1.0,635.1304474419322,0.8190773388276446,-39.24543520210719
692,0.5,249.0,Grid2401,RBF,1.0,-,-,-,675.7879788866877,1.0,-43.25121768634879
693,0.5,249.0,Grid2401,Matern,1.0,1.5,-,-,35.017249464058764,0.0377663957290233,0.881185796255045
694,0.5,249.0,Grid2401,RQ,1.0,-,1.0,-,82.58997963423765,0.0837211824526857,0.3390645906136921
695,0.5,249.0,Grid2401,ESS,1.0,-,-,1.0,657.1028099462276,0.8785151537820868,-40.8380033473251
696,0.5,249.0,Sobol1,RBF,1.0,-,-,-,680.757884371606,1.0,-49.4151678371869
697,0.5,249.0,Sobol1,Matern,1.0,1.5,-,-,20.966736825716925,0.0179653872106934,0.9521769197355648
698,0.5,249.0,Sobol1,RQ,1.0,-,1.0,-,23.39788641712227,0.0215418054519519,0.9404435072765116
699,0.5,249.0,Sobol1,ESS,1.0,-,-,1.0,676.5909588102484,0.990892514370766,-48.79987327513982
700,0.5,249.0,Sobol2,RBF,1.0,-,-,-,681.5580148686197,1.0,-49.885181298049474
701,0.5,249.0,Sobol2,Matern,1.0,1.5,-,-,21.21013037097773,0.0181991144406053,0.9507198134093092
702,0.5,249.0,Sobol2,RQ,1.0,-,1.0,-,22.82635519572121,0.021043587593079,0.942923306061699
703,0.5,249.0,Sobol2,ESS,1.0,-,-,1.0,679.8408122999805,0.996376223306887,-49.62909132811057
704,0.5,791.0,Grid1296,RBF,1.0,-,-,-,218.29102596003597,0.2557577844009314,-3.7522002915219774
705,0.5,791.0,Grid1296,Matern,1.0,1.5,-,-,56.61222082042481,0.0541212913888285,0.680373075076685
706,0.5,791.0,Grid1296,RQ,1.0,-,1.0,-,54.1780381602905,0.0615377121145657,0.7072684569212875
707,0.5,791.0,Grid1296,ESS,1.0,-,-,1.0,679.2044516097152,1.0,-45.00701111786693
708,0.5,791.0,Grid2401,RBF,1.0,-,-,-,396.3261329385195,0.5135381794471185,-14.265042666716525
709,0.5,791.0,Grid2401,Matern,1.0,1.5,-,-,32.44701740692311,0.0354425941051423,0.8976843266996012
710,0.5,791.0,Grid2401,RQ,1.0,-,1.0,-,84.38348110559595,0.0859727561376357,0.3079977953936642
711,0.5,791.0,Grid2401,ESS,1.0,-,-,1.0,675.3898536814763,1.0,-43.33040172649324
712,0.5,791.0,Sobol1,RBF,1.0,-,-,-,26.414619967629942,0.0217546248601193,0.9238989116763284
713,0.5,791.0,Sobol1,Matern,1.0,1.5,-,-,21.27763937122413,0.0177353615730516,0.9506202346497832
714,0.5,791.0,Sobol1,RQ,1.0,-,1.0,-,22.97378610394022,0.021098987340372,0.9424338373203128
715,0.5,791.0,Sobol1,ESS,1.0,-,-,1.0,26.414613656162167,0.0217546197127133,0.923898948043273
716,0.5,791.0,Sobol2,RBF,1.0,-,-,-,32.298021579247724,0.0267454881097663,0.8855960689694767
717,0.5,791.0,Sobol2,Matern,1.0,1.5,-,-,22.47856589110344,0.0197464219642842,0.9445851314646276
718,0.5,791.0,Sobol2,RQ,1.0,-,1.0,-,25.060100394922447,0.0233420554780803,0.9311260930066716
719,0.5,791.0,Sobol2,ESS,1.0,-,-,1.0,32.29801332758882,0.0267454817987173,0.8855961274264378
720,0.5,35.0,Grid1296,RBF,1.0,-,-,-,209.45943601577736,0.2430989040529026,-3.3777210454154343
721,0.5,35.0,Grid1296,Matern,1.0,1.5,-,-,57.48579563996903,0.0545647378294937,0.6702617582080292
722,0.5,35.0,Grid1296,RQ,1.0,-,1.0,-,52.94969767749093,0.0606046414444386,0.7202467154805534
723,0.5,35.0,Grid1296,ESS,1.0,-,-,1.0,582.3862970236291,0.7956883557394042,-32.84312986104432
724,0.5,35.0,Grid2401,RBF,1.0,-,-,-,329.3924463805054,0.4230907933625374,-9.534533839907828
725,0.5,35.0,Grid2401,Matern,1.0,1.5,-,-,35.31106414254689,0.0391428434646998,0.8789374931495118
726,0.5,35.0,Grid2401,RQ,1.0,-,1.0,-,82.44953315962225,0.0832406999504294,0.3399688187206265
727,0.5,35.0,Grid2401,ESS,1.0,-,-,1.0,72.94533111261482,0.0751488687929332,0.4833659201804137
728,0.5,35.0,Sobol1,RBF,1.0,-,-,-,27.438491014445518,0.0223158161737989,0.918131801866094
729,0.5,35.0,Sobol1,Matern,1.0,1.5,-,-,21.114945067814823,0.0179084114289956,0.951518650888673
730,0.5,35.0,Sobol1,RQ,1.0,-,1.0,-,22.9499365055174,0.0206697243203749,0.9427259675192912
731,0.5,35.0,Sobol1,ESS,1.0,-,-,1.0,677.7255516371274,0.9913438811884252,-48.94620602544536
732,0.5,35.0,Sobol2,RBF,1.0,-,-,-,27.709851481628444,0.0236035395390711,0.9162859860235004
733,0.5,35.0,Sobol2,Matern,1.0,1.5,-,-,21.49091599694385,0.0184392660757352,0.9496453451662444
734,0.5,35.0,Sobol2,RQ,1.0,-,1.0,-,23.760744236892865,0.021923641296683,0.9384469114764876
735,0.5,35.0,Sobol2,ESS,1.0,-,-,1.0,676.1113857143034,0.9882378481905476,-48.83864991600469
736,0.5,180.0,Grid1296,RBF,1.0,-,-,-,228.5962508203646,0.270539477004939,-4.226361196484535
737,0.5,180.0,Grid1296,Matern,1.0,1.5,-,-,60.63835674662072,0.055947278061076,0.6322471377212684
738,0.5,180.0,Grid1296,RQ,1.0,-,1.0,-,52.90776035061587,0.0603248119965132,0.7200374313174384
739,0.5,180.0,Grid1296,ESS,1.0,-,-,1.0,228.59276389163185,0.2705345705019076,-4.226201755461618
740,0.5,180.0,Grid2401,RBF,1.0,-,-,-,675.672139916077,0.9999919481045668,-43.28722424903184
741,0.5,180.0,Grid2401,Matern,1.0,1.5,-,-,33.390305795096616,0.036666197787042,0.8918448434764964
742,0.5,180.0,Grid2401,RQ,1.0,-,1.0,-,83.94603572527454,0.08532075748691,0.3163924966968995
743,0.5,180.0,Grid2401,ESS,1.0,-,-,1.0,359.0275777765385,0.4623911836847472,-11.504376899332613
744,0.5,180.0,Sobol1,RBF,1.0,-,-,-,28.8344653395943,0.0229328263663741,0.9089880599589872
745,0.5,180.0,Sobol1,Matern,1.0,1.5,-,-,21.38348121872887,0.017860830766799,0.949946853342502
746,0.5,180.0,Sobol1,RQ,1.0,-,1.0,-,23.06906232350264,0.020784716585563,0.9417448331078088
747,0.5,180.0,Sobol1,ESS,1.0,-,-,1.0,28.834150449871792,0.0229326003677923,0.9089900477584988
748,0.5,180.0,Sobol2,RBF,1.0,-,-,-,32.75648324346207,0.0260811288144107,0.8828909892876651
749,0.5,180.0,Sobol2,Matern,1.0,1.5,-,-,21.626846182839238,0.0183990722418683,0.9489515974705348
750,0.5,180.0,Sobol2,RQ,1.0,-,1.0,-,23.46587733197661,0.0220203825373073,0.9399007066670988
751,0.5,180.0,Sobol2,ESS,1.0,-,-,1.0,32.75618050531264,0.0260808923104413,0.8828931539401456
752,0.5,510.0,Grid1296,RBF,1.0,-,-,-,249.27282410465003,0.300056106677264,-5.19653452360727
753,0.5,510.0,Grid1296,Matern,1.0,1.5,-,-,57.99010864909608,0.0549178866341854,0.6646434056834312
754,0.5,510.0,Grid1296,RQ,1.0,-,1.0,-,56.76406746892705,0.0638137184828577,0.6786738867626938
755,0.5,510.0,Grid1296,ESS,1.0,-,-,1.0,679.2126384386374,1.0,-45.00558129930995
756,0.5,510.0,Grid2401,RBF,1.0,-,-,-,384.5203116963416,0.497015877881197,-13.348620768089903
757,0.5,510.0,Grid2401,Matern,1.0,1.5,-,-,38.73743364800747,0.041428153484323,0.8543758924732177
758,0.5,510.0,Grid2401,RQ,1.0,-,1.0,-,84.20843983154153,0.0852238822888345,0.3118504532763418
759,0.5,510.0,Grid2401,ESS,1.0,-,-,1.0,675.6208511616775,1.0,-43.297342720386055
760,0.5,510.0,Sobol1,RBF,1.0,-,-,-,26.434318921634155,0.0219979492100128,0.9243189294393552
761,0.5,510.0,Sobol1,Matern,1.0,1.5,-,-,20.936296610958117,0.0173620830001279,0.9525265557813576
762,0.5,510.0,Sobol1,RQ,1.0,-,1.0,-,23.10999507131035,0.0210577520764057,0.942157011646372
763,0.5,510.0,Sobol1,ESS,1.0,-,-,1.0,678.8465172232598,0.9967478238956812,-48.91076248781998
764,0.5,510.0,Sobol2,RBF,1.0,-,-,-,26.148593370658897,0.0222520011918113,0.9244069274290384
765,0.5,510.0,Sobol2,Matern,1.0,1.5,-,-,21.32993584030631,0.0182214789616639,0.9497004113651036
766,0.5,510.0,Sobol2,RQ,1.0,-,1.0,-,22.397168065877537,0.0206628637281373,0.9445410614896932
767,0.5,510.0,Sobol2,ESS,1.0,-,-,1.0,680.9143446221996,0.9969680880644826,-50.25902036456629
768,0.5,593.0,Grid1296,RBF,1.0,-,-,-,217.72386668519084,0.2544223797329091,-3.724829532116315
769,0.5,593.0,Grid1296,Matern,1.0,1.5,-,-,57.82567661204819,0.0550204229326881,0.6667151955846411
770,0.5,593.0,Grid1296,RQ,1.0,-,1.0,-,54.38829534818931,0.0623158804490657,0.7051609783290917
771,0.5,593.0,Grid1296,ESS,1.0,-,-,1.0,217.7237319987669,0.2544221890239772,-3.724823686453124
772,0.5,593.0,Grid2401,RBF,1.0,-,-,-,207.63126630567425,0.265924129690173,-3.1877828551050307
773,0.5,593.0,Grid2401,Matern,1.0,1.5,-,-,45.78653661379845,0.0496973072550991,0.7963547723717143
774,0.5,593.0,Grid2401,RQ,1.0,-,1.0,-,81.55977889934312,0.0813715318877958,0.3538241410365562
775,0.5,593.0,Grid2401,ESS,1.0,-,-,1.0,207.63112580174268,0.2659239527611338,-3.187777187367536
776,0.5,593.0,Sobol1,RBF,1.0,-,-,-,24.76836472957234,0.0211483512140798,0.9333736819296652
777,0.5,593.0,Sobol1,Matern,1.0,1.5,-,-,20.406306455028712,0.0171551537739841,0.9547748564460896
778,0.5,593.0,Sobol1,RQ,1.0,-,1.0,-,23.032672379858692,0.021007065788684,0.9423844375989948
779,0.5,593.0,Sobol1,ESS,1.0,-,-,1.0,24.768355382537514,0.0211483427784668,0.9333737322162632
780,0.5,593.0,Sobol2,RBF,1.0,-,-,-,40.22173201722689,0.0322614917091162,0.8203837346925857
781,0.5,593.0,Sobol2,Matern,1.0,1.5,-,-,25.072304256437675,0.0211962548764833,0.9302068781878888
782,0.5,593.0,Sobol2,RQ,1.0,-,1.0,-,24.880251655412728,0.0231750493087391,0.931272006757198
783,0.5,593.0,Sobol2,ESS,1.0,-,-,1.0,40.22171948743208,0.032261481914201,0.8203838465999793
784,0.5,634.0,Grid1296,RBF,1.0,-,-,-,224.5452750199827,0.2644667158742923,-4.048268947247746
785,0.5,634.0,Grid1296,Matern,1.0,1.5,-,-,58.95104601950202,0.0545888539945486,0.6520493330235635
786,0.5,634.0,Grid1296,RQ,1.0,-,1.0,-,52.08603341808558,0.0600441684960825,0.728370325827106
787,0.5,634.0,Grid1296,ESS,1.0,-,-,1.0,224.54526210651068,0.264466697620879,-4.048268366601568
788,0.5,634.0,Grid2401,RBF,1.0,-,-,-,334.44803372585324,0.4300153095724219,-9.853822380421525
789,0.5,634.0,Grid2401,Matern,1.0,1.5,-,-,37.17558231575789,0.0409569826038874,0.8658962333829022
790,0.5,634.0,Grid2401,RQ,1.0,-,1.0,-,84.02410457677028,0.0849826950779214,0.3149327565490535
791,0.5,634.0,Grid2401,ESS,1.0,-,-,1.0,334.4480244481244,0.4300152977173084,-9.853821778242352
792,0.5,634.0,Sobol1,RBF,1.0,-,-,-,27.9550382582824,0.023281705148357,0.9159114287240804
793,0.5,634.0,Sobol1,Matern,1.0,1.5,-,-,20.968242722863938,0.0175490353185451,0.9526913165620692
794,0.5,634.0,Sobol1,RQ,1.0,-,1.0,-,24.5869247802963,0.0232510335742926,0.9349533077399188
795,0.5,634.0,Sobol1,ESS,1.0,-,-,1.0,27.955036932471646,0.023281704110251,0.9159114367001402
796,0.5,634.0,Sobol2,RBF,1.0,-,-,-,23.43089375525703,0.020590672436839,0.9401265814292624
797,0.5,634.0,Sobol2,Matern,1.0,1.5,-,-,21.047063881187132,0.0182060240388829,0.9516897389240953
798,0.5,634.0,Sobol2,RQ,1.0,-,1.0,-,23.91997138467153,0.0221562050144933,0.9376009960026505
799,0.5,634.0,Sobol2,ESS,1.0,-,-,1.0,23.43089306956329,0.0205906717628249,0.9401265849335956
