,target,minMAPE-0,AbsDiffs-0,RelDiffs-0,minMAPE-1,AbsDiffs-1,RelDiffs-1,minMAPE-2,AbsDiffs-2,RelDiffs-2,minMAPE-3,AbsDiffs-3,RelDiffs-3,minMAPE-4,AbsDiffs-4,RelDiffs-4,minMAPE-5,AbsDiffs-5,RelDiffs-5,minMAPE-6,AbsDiffs-6,RelDiffs-6,minMAPE-7,AbsDiffs-7,RelDiffs-7,minMAPE-8,AbsDiffs-8,RelDiffs-8,minMAPE-9,AbsDiffs-9,RelDiffs-9
0,0.0,0.0,0.0,0.0,0.0,0.0,0.0,0.0,0.0,0.0,0.0,0.0,0.0,0.0,0.0,0.0,0.0,0.0,0.0,0.0,0.0,0.0,0.0,0.0,0.0,0.0,0.0,0.0,0.0,0.0,0.0
1,0.491,0.50893,0.01793,0.0,0.17874999999999996,-0.31225,0.0,0.21402999999999994,-0.27697000000000005,0.0,0.09379999999999988,-0.3972000000000001,0.0,0.11580000000000013,-0.37519999999999987,0.0,0.12470000000000003,-0.36629999999999996,0.0,0.1926000000000001,-0.2983999999999999,0.0,0.5112000000000001,0.020200000000000107,0.0,0.18399999999999972,-0.3070000000000003,0.0,0.5132000000000001,0.02220000000000011,0.0
2,0.746,0.71355,-0.03244999999999998,0.0,0.20233999999999996,-0.54366,0.0,0.2671899999999999,-0.47881000000000007,0.0,-0.08699999999999997,-0.833,0.0,-0.050799999999999956,-0.7968,0.0,-0.034499999999999975,-0.7805,0.0,0.04190000000000005,-0.7041,0.0,0.6101000000000001,-0.1358999999999999,0.0,0.026799999999999713,-0.7192000000000003,0.0,0.6149,-0.1311,0.0
3,0.542,0.43977999999999995,-0.10222000000000009,0.0,0.14994999999999992,-0.3920500000000001,0.0,0.1818599999999999,-0.3601400000000001,0.0,0.07089999999999996,-0.4711000000000001,0.0,0.08899999999999997,-0.45300000000000007,0.0,0.09870000000000001,-0.4433,0.0,0.15850000000000009,-0.38349999999999995,0.0,0.4333,-0.10870000000000002,0.0,0.1508999999999996,-0.39110000000000045,0.0,0.43500000000000005,-0.10699999999999998,0.0
4,1.195,1.1296599999999999,-0.06534000000000018,-0.054677824267782574,0.40496,-0.7900400000000001,-0.6611213389121339,0.4811899999999999,-0.7138100000000002,-0.5973305439330545,0.27180000000000004,-0.9232,-0.7725523012552301,0.3217000000000001,-0.8733,-0.7307949790794979,0.34140000000000015,-0.8535999999999999,-0.7143096234309623,0.5101,-0.6849000000000001,-0.5731380753138076,1.17416,-0.02083999999999997,-0.017439330543933027,0.49209999999999976,-0.7029000000000003,-0.588200836820084,1.1782599999999999,-0.0167400000000002,-0.014008368200836986
5,1.17,1.13152,-0.03847999999999985,-0.03288888888888876,0.33999999999999997,-0.83,-0.7094017094017094,0.43609999999999993,-0.7339,-0.6272649572649573,-0.06469999999999998,-1.2347,-1.0552991452991454,-0.008499999999999952,-1.1784999999999999,-1.0072649572649572,0.01660000000000017,-1.1533999999999998,-0.9858119658119656,0.14029999999999987,-1.0297,-0.8800854700854702,0.99544,-0.17455999999999994,-0.14919658119658116,0.11939999999999973,-1.0506000000000002,-0.8979487179487182,1.0006300000000001,-0.1693699999999998,-0.1447606837606836
6,1.057,0.96238,-0.09461999999999993,-0.08951750236518442,0.3300099999999999,-0.72699,-0.6877861873226112,0.3974599999999999,-0.65954,-0.6239735099337749,0.16179999999999994,-0.8952,-0.8469252601702933,0.20439999999999992,-0.8526,-0.8066225165562915,0.22140000000000004,-0.8355999999999999,-0.7905392620624409,0.35509999999999997,-0.7019,-0.6640491958372753,0.96257,-0.0944299999999999,-0.08933774834437078,0.3376999999999999,-0.7193,-0.6805108798486282,0.96691,-0.09008999999999989,-0.0852317880794701
7,1.183,1.276362,0.09336199999999995,0.07891969568892641,0.29545,-0.8875500000000001,-0.7502535925612849,0.41969999999999996,-0.7633000000000001,-0.6452240067624684,-0.34419999999999984,-1.5272,-1.2909551986475063,-0.27790000000000004,-1.4609,-1.2349112426035502,-0.24619999999999975,-1.4291999999999998,-1.2081149619611156,-0.12910000000000021,-1.3121000000000003,-1.1091293322062554,1.0175999999999998,-0.1654000000000002,-0.1398140321217246,-0.15590000000000037,-1.3389000000000004,-1.1317836010143705,1.02656,-0.15644000000000013,-0.13224006762468313
8,1.084,0.87712,-0.20688000000000006,-0.1908487084870849,0.2993199999999999,-0.7846800000000002,-0.7238745387453875,0.3627499999999999,-0.7212500000000002,-0.6653597785977861,0.13779999999999992,-0.9462000000000002,-0.8728782287822879,0.1764000000000001,-0.9076,-0.8372693726937268,0.19200000000000017,-0.8919999999999999,-0.8228782287822877,0.3114999999999999,-0.7725000000000002,-0.7126383763837639,0.86309,-0.22091000000000005,-0.20379151291512917,0.2970999999999997,-0.7869000000000004,-0.7259225092250925,0.86542,-0.2185800000000001,-0.2016420664206643
9,1.261,1.48393,0.22293000000000007,0.1767882632831087,0.49063999999999997,-0.7703599999999999,-0.6109119746233148,0.62393,-0.6370699999999999,-0.5052101506740682,-0.049800000000000066,-1.3108,-1.03949246629659,0.018299999999999983,-1.2427,-0.9854877081681206,0.04970000000000008,-1.2112999999999998,-0.9605868358445677,0.15739999999999998,-1.1036,-0.8751784298176051,1.20546,-0.05553999999999992,-0.04404440919904832,0.13279999999999959,-1.1282000000000003,-0.894686756542427,1.21253,-0.04846999999999979,-0.03843774781919095
10,1.089,0.88186,-0.20714,-0.19021120293847565,0.29967,-0.78933,-0.7248209366391185,0.36378999999999995,-0.72521,-0.6659412304866851,0.1380999999999999,-0.9509000000000001,-0.873186409550046,0.1786000000000001,-0.9103999999999999,-0.8359963269054177,0.1937000000000002,-0.8952999999999998,-0.8221303948576674,0.31509999999999994,-0.7739,-0.7106519742883379,0.86993,-0.21907,-0.20116620752984388,0.29879999999999973,-0.7902000000000002,-0.7256198347107441,0.87143,-0.21756999999999993,-0.19978879706152428
11,0.679,0.76757,0.08856999999999993,0.0,0.2187699999999999,-0.46023000000000014,0.0,0.28957,-0.38943000000000005,0.0,-0.09309999999999996,-0.7721,0.0,-0.055299999999999905,-0.7343,0.0,-0.03739999999999988,-0.7163999999999999,0.0,0.038799999999999724,-0.6402000000000003,0.0,0.655,-0.02400000000000002,0.0,0.025499999999999634,-0.6535000000000004,0.0,0.6594,-0.019600000000000062,0.0
12,1.27,1.14386,-0.12613999999999992,-0.09932283464566923,0.34858999999999996,-0.9214100000000001,-0.7255196850393701,0.44584999999999997,-0.82415,-0.6489370078740158,-0.024799999999999933,-1.2948,-1.019527559055118,0.02859999999999996,-1.2414,-0.9774803149606299,0.05570000000000008,-1.2143,-0.9561417322834646,0.1867000000000001,-1.0833,-0.8529921259842519,1.02427,-0.24573,-0.19348818897637796,0.16419999999999968,-1.1058000000000003,-0.8707086614173231,1.02964,-0.2403599999999999,-0.18925984251968497
13,0.929,0.9684200000000001,0.03942000000000001,0.0,0.23632999999999993,-0.6926700000000001,0.0,0.33063999999999993,-0.5983600000000001,0.0,-0.2408999999999999,-1.1699,0.0,-0.19009999999999994,-1.1191,0.0,-0.16620000000000013,-1.0952000000000002,0.0,-0.07600000000000007,-1.0050000000000001,0.0,0.77696,-0.15204000000000006,0.0,-0.0961000000000003,-1.0251000000000003,0.0,0.78352,-0.14548000000000005,0.0
14,1.257,1.15272,-0.10427999999999993,-0.08295942720763719,0.3426699999999999,-0.91433,-0.7273906125696102,0.43850999999999996,-0.8184899999999999,-0.651145584725537,-0.04459999999999997,-1.3015999999999999,-1.0354813046937152,0.011200000000000099,-1.2457999999999998,-0.9910898965791567,0.03550000000000009,-1.2214999999999998,-0.9717581543357199,0.17090000000000005,-1.0860999999999998,-0.864041368337311,1.03696,-0.2200399999999998,-0.17505171042163867,0.14979999999999993,-1.1072,-0.8808273667462212,1.04118,-0.2158199999999999,-0.17169451073985673
15,1.128,1.11266,-0.01533999999999991,-0.013599290780141765,0.32758999999999994,-0.80041,-0.7095833333333333,0.4244899999999999,-0.70351,-0.6236790780141844,-0.10360000000000014,-1.2316,-1.0918439716312058,-0.04919999999999991,-1.1771999999999998,-1.0436170212765956,-0.025399999999999867,-1.1533999999999998,-1.022517730496454,0.0928,-1.0352,-0.9177304964539007,0.9590799999999999,-0.16891999999999996,-0.14975177304964538,0.07109999999999994,-1.0569,-0.9369680851063831,0.96519,-0.1628099999999999,-0.14433510638297864
16,1.047,0.94426,-0.10273999999999994,-0.09812798471824255,0.32680999999999993,-0.72019,-0.6878605539637058,0.39547999999999994,-0.65152,-0.6222731614135626,0.16490000000000005,-0.8820999999999999,-0.8425023877745941,0.20589999999999997,-0.8411,-0.8033428844317096,0.2228000000000001,-0.8241999999999998,-0.7872015281757401,0.3497999999999999,-0.6972,-0.6659025787965617,0.93516,-0.11183999999999994,-0.10681948424068763,0.3344999999999998,-0.7125000000000001,-0.6805157593123211,0.93888,-0.10811999999999988,-0.10326647564469904
17,1.37,1.321148,-0.04885200000000012,-0.03565839416058402,0.34234999999999993,-1.0276500000000002,-0.750109489051095,0.46863999999999995,-0.9013600000000002,-0.6579270072992701,-0.25550000000000006,-1.6255000000000002,-1.1864963503649635,-0.18720000000000003,-1.5572000000000001,-1.1366423357664233,-0.15559999999999996,-1.5256,-1.1135766423357665,-0.02870000000000017,-1.3987000000000003,-1.020948905109489,1.08415,-0.28585000000000016,-0.20864963503649644,-0.05480000000000018,-1.4248000000000003,-1.04,1.0938400000000001,-0.27615999999999996,-0.2015766423357664
18,1.368,1.32558,-0.042420000000000124,-0.03100877192982465,0.40410999999999997,-0.9638900000000001,-0.7045979532163743,0.51284,-0.8551600000000001,-0.6251169590643275,0.033600000000000074,-1.3344,-0.975438596491228,0.09699999999999998,-1.2710000000000001,-0.929093567251462,0.12350000000000017,-1.2445,-0.9097222222222221,0.2952999999999999,-1.0727000000000002,-0.7841374269005849,1.24728,-0.12072000000000016,-0.08824561403508784,0.2709999999999997,-1.0970000000000004,-0.8019005847953219,1.25354,-0.11446,-0.08366959064327485
19,1.181,1.0601099999999999,-0.12089000000000016,-0.10236240474174442,0.3684799999999999,-0.8125200000000001,-0.6879932260795937,0.4418099999999999,-0.7391900000000001,-0.6259017781541067,0.22839999999999994,-0.9526000000000001,-0.8066045723962744,0.27570000000000006,-0.9053,-0.766553767993226,0.29510000000000014,-0.8858999999999999,-0.7501270110076206,0.4518,-0.7292000000000001,-0.6174428450465708,1.0932,-0.0878000000000001,-0.07434377646062668,0.4353999999999998,-0.7456000000000003,-0.6313293818797631,1.09715,-0.08384999999999998,-0.07099915325994918
20,0.888,1.01311,0.12510999999999994,0.0,0.2522,-0.6358,0.0,0.3482599999999999,-0.5397400000000001,0.0,-0.24409999999999998,-1.1320999999999999,0.0,-0.19199999999999995,-1.08,0.0,-0.1662999999999999,-1.0543,0.0,-0.07299999999999995,-0.961,0.0,0.81716,-0.07084000000000001,0.0,-0.09350000000000014,-0.9815000000000002,0.0,0.8246,-0.06340000000000001,0.0
21,2.381,2.08727,-0.2937299999999996,-0.1233641327173455,1.48447,-0.8965299999999998,-0.37653506929861397,1.56305,-0.8179499999999997,-0.3435321293574128,1.2278,-1.1531999999999998,-0.48433431331373367,1.2736399999999999,-1.10736,-0.4650818983620328,1.29251,-1.0884899999999997,-0.4571566568668626,1.4066299999999998,-0.97437,-0.4092272154556909,2.02904,-0.3519599999999996,-0.14782024359512794,1.3891499999999999,-0.9918499999999999,-0.41656866862662745,2.03162,-0.3493799999999996,-0.14673666526669452
22,1.011,0.86976,-0.14123999999999992,-0.13970326409495543,0.30572999999999995,-0.70527,-0.6975964391691395,0.37100999999999995,-0.63999,-0.6330267062314541,0.12450000000000006,-0.8864999999999998,-0.8768545994065281,0.16310000000000002,-0.8478999999999999,-0.8386745796241345,0.17930000000000001,-0.8316999999999999,-0.8226508407517309,0.2883,-0.7226999999999999,-0.7148367952522255,0.83505,-0.17594999999999994,-0.1740356083086053,0.27459999999999973,-0.7364000000000002,-0.728387734915925,0.83757,-0.17342999999999986,-0.17154302670623134
23,1.421,1.338397,-0.08260299999999998,-0.058130190007037286,0.41994999999999993,-1.0010500000000002,-0.7044686840253344,0.5259199999999999,-0.8950800000000001,-0.6298944405348347,0.07610000000000006,-1.3449,-0.9464461646727657,0.1402000000000001,-1.2808,-0.9013370865587613,0.1675000000000002,-1.2534999999999998,-0.8821252638986627,0.3437999999999999,-1.0772000000000002,-0.7580577058409571,1.27829,-0.14271000000000011,-0.10042927515833927,0.3192999999999997,-1.1017000000000003,-0.7752990851513021,1.28272,-0.13827999999999996,-0.09731175228712172
24,1.611,1.51655,-0.09444999999999992,-0.05862818125387953,0.41906999999999994,-1.1919300000000002,-0.7398696461824954,0.54863,-1.06237,-0.659447548106766,-0.11729999999999996,-1.7283,-1.0728119180633147,-0.04149999999999987,-1.6524999999999999,-1.025760397268777,-0.009299999999999864,-1.6202999999999999,-1.0057728119180633,0.17030000000000012,-1.4406999999999999,-0.8942892613283674,1.35521,-0.25578999999999996,-0.15877715704531345,0.1398999999999999,-1.4711,-0.9131595282433271,1.36378,-0.24722,-0.1534574798261949
25,1.699,1.425888,-0.273112,-0.1607486756915833,0.49461,-1.20439,-0.7088816951147734,0.59724,-1.10176,-0.6484755738669806,0.25780000000000003,-1.4412,-0.8482636845203061,0.32140000000000013,-1.3776,-0.8108298999411417,0.34630000000000005,-1.3527,-0.7961742201294879,0.5458999999999998,-1.1531000000000002,-0.6786933490288406,1.4222,-0.27680000000000016,-0.16291936433196005,0.5223999999999998,-1.1766000000000003,-0.6925250147145381,1.42853,-0.27047,-0.15919364331959976
26,2.412,2.09099,-0.3210099999999998,-0.13308872305140954,1.4855099999999999,-0.92649,-0.3841169154228856,1.56489,-0.84711,-0.35120646766169156,1.23429,-1.1777099999999998,-0.4882711442786069,1.27941,-1.13259,-0.4695646766169154,1.2996600000000003,-1.1123399999999997,-0.46116915422885557,1.41492,-0.99708,-0.4133830845771144,2.03649,-0.3755099999999998,-0.15568407960198996,1.3987599999999998,-1.0132400000000001,-0.4200829187396352,2.03878,-0.3732199999999999,-0.15473466003316746
27,2.669,2.7477,0.07869999999999999,0.029486699138254024,1.76632,-0.9026800000000001,-0.33820906706631704,1.8942899999999998,-0.7747100000000002,-0.29026227051330095,1.36205,-1.30695,-0.4896777819408018,1.4390800000000001,-1.22992,-0.4608167853128512,1.47093,-1.19807,-0.448883476957662,1.64949,-1.0195100000000001,-0.38198201573623086,2.6347199999999997,-0.03428000000000031,-0.012843761708505173,1.6239999999999997,-1.0450000000000004,-0.3915324091420009,2.64311,-0.02588999999999997,-0.009700262270513288
28,1.531,1.23475,-0.2962499999999999,-0.19350097975179617,0.43162999999999996,-1.09937,-0.7180731548007838,0.52667,-1.00433,-0.6559960809928151,0.15880000000000005,-1.3721999999999999,-0.8962769431743958,0.21350000000000002,-1.3175,-0.8605486610058785,0.23680000000000012,-1.2941999999999998,-0.8453298497713911,0.3877999999999999,-1.1432,-0.7467015022860876,1.16415,-0.3668499999999999,-0.2396146309601567,0.3679999999999999,-1.163,-0.7596342259960811,1.1662599999999999,-0.36474000000000006,-0.23823644676681913
29,2.608,2.08043,-0.5275700000000003,-0.20228911042944797,1.47642,-1.13158,-0.43388803680981597,1.55212,-1.0558800000000002,-0.4048619631901841,1.25041,-1.35759,-0.5205483128834356,1.29641,-1.31159,-0.5029102760736196,1.3152400000000002,-1.29276,-0.4956901840490797,1.43913,-1.16887,-0.44818634969325155,2.04796,-0.5600400000000003,-0.2147392638036811,1.4228899999999998,-1.1851100000000003,-0.45441334355828233,2.05015,-0.5578500000000002,-0.21389953987730068
30,3.153,2.5366,-0.6164000000000001,-0.19549635267998733,1.63057,-1.52243,-0.4828512527751348,1.7422399999999998,-1.4107600000000002,-0.44743418966064075,1.32254,-1.83046,-0.580545512210593,1.3887800000000001,-1.76422,-0.5595369489375198,1.4154200000000001,-1.73758,-0.5510878528385664,1.5995499999999998,-1.5534500000000002,-0.4926895020615288,2.4944100000000002,-0.6585899999999998,-0.20887725975261648,1.57564,-1.57736,-0.5002727561052965,2.49872,-0.65428,-0.2075103076435141
31,2.923,2.5210999999999997,-0.40190000000000037,-0.13749572357167306,1.61952,-1.30348,-0.4459391036606226,1.73057,-1.19243,-0.40794731440301063,1.25765,-1.66535,-0.5697399931577147,1.3234599999999999,-1.5995400000000002,-0.5472254533014027,1.35091,-1.57209,-0.5378344166951762,1.5167199999999998,-1.4062800000000002,-0.4811084502223743,2.44272,-0.48028000000000004,-0.16431063975367774,1.4929199999999998,-1.4300800000000002,-0.48925076975709897,2.44795,-0.47505,-0.1625213821416353
32,1.876,1.59558,-0.2804199999999999,-0.14947761194029846,0.5598799999999999,-1.31612,-0.7015565031982942,0.6713799999999999,-1.20462,-0.6421215351812367,0.36430000000000007,-1.5116999999999998,-0.8058102345415777,0.43599999999999994,-1.44,-0.767590618336887,0.46440000000000015,-1.4115999999999997,-0.7524520255863538,0.7051999999999998,-1.1708,-0.6240938166311302,1.639256,-0.23674399999999984,-0.12619616204690823,0.6790999999999998,-1.1969,-0.6380063965884862,1.648913,-0.22708699999999982,-0.12104850746268647
33,3.011,2.5431,-0.4679000000000002,-0.15539687811358358,1.7665899999999999,-1.2444100000000002,-0.41328794420458326,1.86872,-1.1422800000000002,-0.379368980405181,1.45808,-1.55292,-0.5157489206243773,1.51818,-1.49282,-0.49578877449352377,1.54255,-1.46845,-0.48769511790102954,1.69584,-1.31516,-0.4367851212221853,2.48815,-0.52285,-0.17364662902690137,1.6756499999999996,-1.3353500000000005,-0.44349053470607785,2.49087,-0.52013,-0.17274327465958153
34,3.129,3.1012,-0.027800000000000047,-0.008884627676574,1.85644,-1.27256,-0.40669862575902843,2.01943,-1.1095700000000002,-0.3546085011185683,1.2649599999999999,-1.8640400000000001,-0.5957302652604667,1.36205,-1.76695,-0.5647011824864174,1.4048,-1.7242,-0.5510386705017577,1.6017199999999998,-1.5272800000000002,-0.4881048258229467,2.9045,-0.22449999999999992,-0.07174816235218917,1.5696299999999996,-1.5593700000000004,-0.49836049856184095,2.9139,-0.21510000000000007,-0.06874400767018218
35,2.963,2.4763,-0.4866999999999999,-0.16425919676004047,1.61153,-1.3514700000000002,-0.4561154235572056,1.72013,-1.2428700000000001,-0.4194633817077287,1.27643,-1.6865700000000001,-0.5692102598717517,1.33773,-1.62527,-0.548521768477894,1.36589,-1.59711,-0.5390178872764091,1.5304799999999998,-1.4325200000000002,-0.4834694566317922,2.39832,-0.5646800000000001,-0.1905771177860277,1.5062399999999998,-1.4567600000000003,-0.4916503543705705,2.40257,-0.5604300000000002,-0.18914276071549113
36,3.588,2.9276,-0.6604000000000001,-0.18405797101449278,1.8591799999999998,-1.7288200000000002,-0.4818338907469343,1.99379,-1.5942100000000001,-0.4443171683389075,1.46149,-2.12651,-0.5926727982162765,1.54122,-2.04678,-0.5704515050167224,1.5739900000000002,-2.01401,-0.5613182831661092,1.78311,-1.80489,-0.5030351170568562,2.8628,-0.7252000000000001,-0.20211817168338908,1.7547599999999997,-1.8332400000000004,-0.5109364548494985,2.8669000000000002,-0.7210999999999999,-0.20097547380156072
37,3.323,2.7235,-0.5994999999999999,-0.1804092687330725,1.72533,-1.59767,-0.48079145350586816,1.84214,-1.4808599999999998,-0.4456394823954258,1.4507599999999998,-1.8722400000000001,-0.5634185976527235,1.5238,-1.7992,-0.5414384592235931,1.55356,-1.76944,-0.532482696358712,1.7817399999999999,-1.54126,-0.46381582907011737,2.7324,-0.5905999999999998,-0.17773096599458316,1.7544799999999998,-1.5685200000000001,-0.4720192597050858,2.7396000000000003,-0.5833999999999997,-0.17556424917243446
38,3.093,2.5023,-0.5907,-0.19097963142580018,1.6037599999999999,-1.4892400000000001,-0.4814872292272875,1.71545,-1.37755,-0.44537665696734563,1.27091,-1.82209,-0.5891011962495959,1.33734,-1.75566,-0.5676236663433559,1.3653400000000002,-1.7276599999999998,-0.5585709666989976,1.5438899999999998,-1.5491100000000002,-0.5008438409311349,2.44999,-0.6430099999999999,-0.20789201422567083,1.5191999999999997,-1.5738000000000003,-0.5088263821532494,2.45411,-0.63889,-0.20655997413514385
39,3.101,2.4971,-0.6038999999999999,-0.19474363108674617,1.61079,-1.49021,-0.4805578845533699,1.72546,-1.37554,-0.4435794904869397,1.29468,-1.80632,-0.5824959690422444,1.35704,-1.74396,-0.5623863269912931,1.38171,-1.71929,-0.5544308287649146,1.55966,-1.54134,-0.4970461141567236,2.44195,-0.6590500000000001,-0.21252821670428898,1.5366899999999997,-1.5643100000000003,-0.5044534021283458,2.4449300000000003,-0.6560699999999997,-0.2115672363753627
40,2.959,3.2538,0.29479999999999995,0.09962825278810407,2.06194,-0.8970600000000002,-0.30316323082122343,2.2260999999999997,-0.7329000000000003,-0.24768502872592102,1.53024,-1.42876,-0.48285231497127407,1.6341,-1.3249,-0.4477526191280838,1.67605,-1.28295,-0.43357553227441703,1.91133,-1.04767,-0.3540621831699899,3.118,0.1589999999999998,0.05373436971949976,1.88122,-1.0777800000000002,-0.3642379182156134,3.1265,0.16749999999999998,0.056606961811422774
41,3.153,3.1696999999999997,0.016699999999999715,0.005296542974944407,1.84225,-1.31075,-0.4157151918807485,2.00579,-1.1472099999999998,-0.3638471297177291,1.27532,-1.87768,-0.5955217253409452,1.36923,-1.78377,-0.5657373929590866,1.4137,-1.7393,-0.5516333650491595,1.63789,-1.51511,-0.48052965429749445,2.9974,-0.15560000000000018,-0.04934982556295597,1.6031099999999998,-1.5498900000000002,-0.4915604186489059,3.008,-0.14500000000000002,-0.04598794798604504
42,3.193,3.1728,-0.020199999999999996,-0.006326338866269964,1.89991,-1.29309,-0.4049765111180708,2.05857,-1.13443,-0.3552865643595365,1.39122,-1.8017800000000002,-0.5642906357657376,1.48609,-1.7069100000000001,-0.5345787660507361,1.52669,-1.66631,-0.5218634512997181,1.7536299999999998,-1.4393700000000003,-0.4507892264328219,3.04,-0.15300000000000002,-0.04791731913560915,1.72036,-1.4726400000000002,-0.4612088944566239,3.049,-0.14400000000000013,-0.045098653304102766
43,1.466,1.524,0.05800000000000005,0.039563437926330186,0.3373299999999999,-1.12867,-0.7698976807639837,0.48915,-0.97685,-0.6663369713506139,-0.46289999999999987,-1.9288999999999998,-1.315757162346521,-0.3817999999999999,-1.8477999999999999,-1.2604365620736697,-0.3431999999999997,-1.8091999999999997,-1.2341064120054568,-0.2088000000000001,-1.6748,-1.1424283765347887,1.19464,-0.27136000000000005,-0.18510231923601642,-0.24080000000000013,-1.7068,-1.164256480218281,1.20569,-0.26031000000000004,-0.1775648021828104
44,3.375,3.2348,-0.1402000000000001,-0.041540740740740774,1.95471,-1.42029,-0.4208266666666667,2.1145199999999997,-1.2604800000000003,-0.3734755555555556,1.49426,-1.88074,-0.5572562962962964,1.59157,-1.78343,-0.5284237037037037,1.63094,-1.74406,-0.5167585185185185,1.88163,-1.49337,-0.44248000000000004,3.1261,-0.2488999999999999,-0.07374814814814812,1.8486699999999998,-1.5263300000000002,-0.452245925925926,3.1342,-0.24080000000000013,-0.07134814814814819
45,3.443,3.4092000000000002,-0.03379999999999983,-0.009817020040662164,1.8937,-1.5493000000000001,-0.44998547778100495,2.08217,-1.36083,-0.39524542550101655,1.17054,-2.27246,-0.6600232355503921,1.2800799999999999,-2.16292,-0.6282079581760094,1.32822,-2.11478,-0.6142259657275632,1.5684799999999999,-1.8745200000000002,-0.5444437990124892,3.1712,-0.27180000000000026,-0.07894278245715954,1.5288199999999998,-1.9141800000000002,-0.5559628231193727,3.1837999999999997,-0.2592000000000003,-0.07528318327040381
46,2.531,2.01997,-0.5110300000000003,-0.2019083366258397,1.4403899999999998,-1.0906100000000003,-0.43090082971157656,1.5156999999999998,-1.0153000000000003,-0.40114579217700524,1.2087599999999998,-1.3222400000000003,-0.5224180165942316,1.2530000000000001,-1.278,-0.5049387593836429,1.27089,-1.26011,-0.4978704069537732,1.38492,-1.1460800000000002,-0.4528170683524299,1.97154,-0.5594600000000001,-0.22104306598182538,1.3678299999999997,-1.1631700000000005,-0.4595693401817465,1.9735800000000001,-0.55742,-0.22023706045041486
47,3.021,3.1595,0.13850000000000007,0.04584574644157566,1.8694799999999998,-1.15152,-0.38117179741807355,2.02988,-0.99112,-0.3280767957629924,1.31701,-1.70399,-0.56404832836809,1.41429,-1.6067099999999999,-0.5318470705064547,1.4538700000000002,-1.5671299999999997,-0.5187454485269777,1.67322,-1.34778,-0.44613704071499505,2.9904,-0.03059999999999974,-0.010129096325719874,1.6398099999999998,-1.3811900000000001,-0.4571962926183384,2.9996,-0.021399999999999864,-0.0070837471036080315
48,2.664,2.7134,0.04939999999999989,0.0185435435435435,1.72199,-0.9420100000000002,-0.35360735735735743,1.8535599999999999,-0.8104400000000003,-0.3042192192192193,1.26471,-1.3992900000000001,-0.525259009009009,1.34203,-1.32197,-0.496234984984985,1.3769,-1.2871000000000001,-0.48314564564564566,1.5478399999999999,-1.1161600000000003,-0.41897897897897907,2.5751,-0.0889000000000002,-0.03337087087087094,1.5221299999999998,-1.1418700000000004,-0.42862987987988,2.58189,-0.08211000000000013,-0.030822072072072118
49,2.487,2.7481,0.2610999999999999,0.10498592681946115,1.757,-0.7300000000000002,-0.29352633695215125,1.8895,-0.5975000000000001,-0.2402492963409731,1.29726,-1.18974,-0.4783835946924005,1.37622,-1.11078,-0.4466344993968637,1.40911,-1.07789,-0.43340973059911536,1.57768,-0.9093200000000001,-0.3656292722155207,2.60264,0.11563999999999997,0.04649778850020103,1.5506199999999999,-0.9363800000000002,-0.37650985122637726,2.61048,0.12347999999999981,0.04965018094089257
50,1.644,1.54521,-0.09878999999999993,-0.060091240875912375,0.43421999999999994,-1.2097799999999999,-0.735875912408759,0.56968,-1.07432,-0.6534793187347931,-0.12220000000000009,-1.7662,-1.074330900243309,-0.0464,-1.6904,-1.0282238442822385,-0.012899999999999912,-1.6568999999999998,-1.0078467153284671,0.17300000000000004,-1.4709999999999999,-0.8947688564476886,1.3753,-0.26869999999999994,-0.1634428223844282,0.14259999999999984,-1.5014,-0.9132603406326035,1.38254,-0.2614599999999998,-0.1590389294403892
51,3.614,2.9397,-0.6742999999999997,-0.18657996679579406,1.8841,-1.7298999999999998,-0.4786662977310459,2.01787,-1.59613,-0.44165190924183734,1.49975,-2.11425,-0.5850166021029332,1.57813,-2.03587,-0.5633287216380742,1.60976,-2.00424,-0.5545766463752075,1.81975,-1.79425,-0.4964720531267294,2.8705,-0.7435,-0.2057277255118982,1.7917699999999999,-1.82223,-0.5042141671278362,2.8753,-0.7386999999999997,-0.20439955727725503
52,3.736,3.0712,-0.6648000000000001,-0.17794432548179873,1.94984,-1.7861600000000002,-0.4780942184154176,2.09032,-1.64568,-0.440492505353319,1.59059,-2.14541,-0.5742532119914346,1.67353,-2.0624700000000002,-0.5520529978586725,1.70696,-2.02904,-0.5431049250535332,1.94671,-1.7892900000000003,-0.47893201284796577,3.0499,-0.6861000000000002,-0.18364561027837262,1.91661,-1.8193900000000003,-0.48698875802997865,3.0544000000000002,-0.6816,-0.18244111349036402
53,3.296,2.7195,-0.5764999999999998,-0.17490898058252421,1.63126,-1.6647399999999999,-0.5050788834951456,1.77171,-1.52429,-0.46246662621359225,1.09039,-2.20561,-0.669177791262136,1.17196,-2.12404,-0.6444296116504854,1.2052100000000001,-2.0907899999999997,-0.6343416262135921,1.3866399999999999,-1.90936,-0.5792961165048544,2.5513399999999997,-0.7446600000000001,-0.22592839805825246,1.3572699999999998,-1.93873,-0.5882069174757282,2.55685,-0.73915,-0.22425667475728156
54,3.101,2.6703,-0.43069999999999986,-0.1388906804256691,1.69895,-1.40205,-0.45212834569493715,1.81355,-1.28745,-0.4151725249919381,1.39135,-1.70965,-0.5513221541438246,1.46207,-1.63893,-0.528516607545953,1.49213,-1.60887,-0.5188229603353757,1.6999,-1.4011,-0.45182199290551434,2.6501,-0.45089999999999986,-0.14540470815865844,1.6738999999999997,-1.4271000000000003,-0.4602063850370849,2.65516,-0.44584,-0.14377297645920672
55,3.34,2.7394,-0.6006,-0.17982035928143714,1.64189,-1.6981099999999998,-0.5084161676646706,1.78349,-1.5565099999999998,-0.4660209580838323,1.13911,-2.20089,-0.6589491017964072,1.22045,-2.11955,-0.6345958083832335,1.2544600000000001,-2.08554,-0.6244131736526947,1.4518399999999998,-1.88816,-0.5653173652694611,2.59879,-0.7412099999999997,-0.22191916167664663,1.42169,-1.91831,-0.5743443113772455,2.60395,-0.7360499999999996,-0.2203742514970059
56,3.018,2.5101,-0.5078999999999998,-0.16829025844930412,1.60612,-1.4118799999999998,-0.467819748177601,1.71752,-1.3004799999999999,-0.43090788601722996,1.26741,-1.7505899999999999,-0.5800497017892644,1.3334700000000002,-1.6845299999999996,-0.5581610337972166,1.35973,-1.6582699999999997,-0.5494599072233266,1.5306199999999999,-1.48738,-0.49283631544068923,2.44519,-0.5728099999999996,-0.1897978793903246,1.50731,-1.5106899999999999,-0.500559973492379,2.45056,-0.5674399999999999,-0.18801855533465872
57,4.33,3.9962,-0.3338000000000001,-0.07709006928406469,2.8563,-1.4737,-0.3403464203233256,3.0048,-1.3252000000000002,-0.30605080831408776,2.44677,-1.8832300000000002,-0.4349260969976906,2.5381400000000003,-1.7918599999999998,-0.41382448036951497,2.57375,-1.75625,-0.4056004618937645,2.79908,-1.53092,-0.3535612009237875,3.9111,-0.41890000000000027,-0.09674364896073909,2.77073,-1.5592700000000002,-0.36010854503464207,3.9176,-0.4123999999999999,-0.09524249422632791
58,3.619,3.8856,0.26659999999999995,0.07366675877314173,2.2889,-1.3301000000000003,-0.3675324675324676,2.4924,-1.1266000000000003,-0.3113014644929539,1.63004,-1.9889600000000003,-0.5495882840563692,1.74465,-1.8743500000000002,-0.5179193147278254,1.7946870000000001,-1.824313,-0.5040931196463111,2.06739,-1.5516100000000002,-0.4287399834208345,3.6897,0.07069999999999999,0.019535783365570596,2.0276699999999996,-1.5913300000000006,-0.43971539099198687,3.6982,0.07919999999999972,0.02188449848024308
59,3.555,2.9465,-0.6085000000000003,-0.17116736990154718,1.7381799999999998,-1.8168200000000003,-0.5110604781997188,1.8881299999999999,-1.6668700000000003,-0.46888045007032353,1.2464499999999998,-2.3085500000000003,-0.649381153305204,1.33396,-2.2210400000000003,-0.6247651195499297,1.37033,-2.18467,-0.614534458509142,1.60786,-1.94714,-0.54771870604782,2.8527,-0.7023000000000001,-0.19755274261603378,1.5751999999999997,-1.9798000000000004,-0.5569057665260198,2.8593,-0.6957,-0.19569620253164555
60,3.337,3.2096,-0.12740000000000018,-0.038178004195385126,1.8859599999999999,-1.4510400000000003,-0.43483368294875646,2.05232,-1.2846800000000003,-0.38498052142643097,1.35883,-1.9781700000000002,-0.5927989211866946,1.45848,-1.8785200000000002,-0.5629367695534911,1.50109,-1.8359100000000002,-0.5501678154030567,1.7489599999999998,-1.5880400000000003,-0.47588852262511244,3.0834,-0.25360000000000005,-0.0759964039556488,1.7146199999999998,-1.6223800000000004,-0.4861792028768356,3.0934,-0.24360000000000026,-0.07299970032963747
61,4.995,4.4097,-0.5853000000000002,-0.11717717717717721,2.9947999999999997,-2.0002000000000004,-0.4004404404404405,3.1763000000000003,-1.8186999999999998,-0.36410410410410404,2.50763,-2.4873700000000003,-0.497971971971972,2.61715,-2.37785,-0.47604604604604606,2.66054,-2.33446,-0.46735935935935935,2.9466799999999997,-2.0483200000000004,-0.41007407407407415,4.3136,-0.6814,-0.13641641641641641,2.90897,-2.08603,-0.41762362362362365,4.3210999999999995,-0.6739000000000006,-0.13491491491491503
62,3.039,2.5079000000000002,-0.5310999999999999,-0.1747614346824613,1.6331799999999999,-1.4058200000000003,-0.46259295820993757,1.74412,-1.2948800000000003,-0.426087528792366,1.30456,-1.7344400000000002,-0.57072721289898,1.36958,-1.6694200000000001,-0.5493320171108917,1.39608,-1.6429200000000002,-0.5406120434353406,1.5692899999999999,-1.4697100000000003,-0.4836163211582758,2.44193,-0.59707,-0.19646923330042776,1.5456999999999996,-1.4933000000000005,-0.49137874300756845,2.44402,-0.5949800000000001,-0.19578150707469563
63,3.671,2.9355,-0.7354999999999996,-0.20035412694088794,1.89171,-1.7792899999999998,-0.4846880958866793,2.02588,-1.64512,-0.44813947153364203,1.52345,-2.14755,-0.5850040860800871,1.60214,-2.06886,-0.5635685099427948,1.63442,-2.03658,-0.5547752655952056,1.8470499999999999,-1.82395,-0.49685371833287933,2.8719,-0.7990999999999997,-0.21767910651048752,1.8209499999999998,-1.85005,-0.5039634976845546,2.8754,-0.7955999999999999,-0.2167256878234813
64,3.102,2.4919000000000002,-0.6100999999999996,-0.19667956157317848,1.72986,-1.37214,-0.4423404255319149,1.8296899999999998,-1.27231,-0.41015796260477116,1.43632,-1.6656799999999998,-0.536969696969697,1.4953,-1.6066999999999998,-0.5179561573178594,1.51964,-1.5823599999999998,-0.5101096067053513,1.6726999999999999,-1.4293,-0.46076724693745974,2.44162,-0.66038,-0.21288845905867182,1.6519399999999997,-1.4500600000000001,-0.46745970341715026,2.44312,-0.6588799999999999,-0.21240490006447452
65,4.854,3.9532999999999996,-0.9007000000000005,-0.18555830243098487,2.7356,-2.1184000000000003,-0.43642356819118255,2.9053,-1.9487,-0.40146271116604865,2.0747999999999998,-2.7792000000000003,-0.5725587144622992,2.1709,-2.6831,-0.5527606098063452,2.21233,-2.64167,-0.5442253811289658,2.41664,-2.43736,-0.5021343222084879,3.7701,-1.0839000000000003,-0.223300370828183,2.38266,-2.47134,-0.5091347342398023,3.7757,-1.0783,-0.22214668314791924
66,5.496,4.8807,-0.6153000000000004,-0.11195414847161579,3.2462,-2.2498000000000005,-0.4093522561863174,3.4583000000000004,-2.0377,-0.37076055312954875,2.63848,-2.8575200000000005,-0.5199272197962155,2.76573,-2.7302700000000004,-0.4967740174672489,2.81616,-2.6798400000000004,-0.4875982532751092,3.15989,-2.3361100000000006,-0.4250564046579331,4.7819,-0.7141000000000002,-0.12993085880640468,3.1157,-2.3803000000000005,-0.43309679767103354,4.7892,-0.7068000000000003,-0.1286026200873363
67,5.188,4.4261,-0.7618999999999998,-0.146858134155744,3.1017,-2.0862999999999996,-0.4021395528141865,3.2722999999999995,-1.9157000000000002,-0.3692559753276793,2.6745799999999997,-2.51342,-0.4844680030840401,2.7778,-2.4101999999999997,-0.46457208943716266,2.81819,-2.3698099999999998,-0.45678681572860447,3.0963,-2.0917,-0.4031804163454125,4.3787,-0.8092999999999995,-0.155994602929838,3.06156,-2.1264399999999997,-0.4098766383962991,4.3841,-0.8038999999999996,-0.15495373939861212
68,5.496,4.3728,-1.1232000000000006,-0.20436681222707434,3.0745,-2.4215000000000004,-0.4405931586608443,3.2356999999999996,-2.260300000000001,-0.4112627365356624,2.65584,-2.8401600000000005,-0.5167685589519652,2.7544500000000003,-2.74155,-0.4988264192139738,2.79328,-2.7027200000000002,-0.4917612809315866,3.08758,-2.4084200000000004,-0.43821324599708883,4.3677,-1.1283000000000003,-0.20529475982532755,3.05183,-2.4441700000000006,-0.44471797671033486,4.3706,-1.1254000000000008,-0.2047671033478895
69,4.887,4.4082,-0.47879999999999967,-0.09797421731123383,3.0857,-1.8012999999999995,-0.3685901370984243,3.2577999999999996,-1.6292,-0.3333742582361367,2.61138,-2.2756199999999995,-0.46564763658686303,2.71531,-2.1716899999999995,-0.4443810108450992,2.75693,-2.1300699999999995,-0.4358645385717208,3.0254,-1.8615999999999997,-0.38092899529363616,4.3293,-0.5576999999999996,-0.11411909146715771,2.9903999999999997,-1.8965999999999998,-0.38809085328422344,4.335,-0.5519999999999996,-0.11295273173726206
70,4.934,4.4389,-0.4950999999999999,-0.10034454803404942,3.0148,-1.9192,-0.3889744629104175,3.1978999999999997,-1.7361000000000004,-0.35186461289015003,2.46076,-2.47324,-0.5012646939602756,2.5726,-2.3614,-0.4785974868261046,2.6172500000000003,-2.31675,-0.4695480340494527,2.87805,-2.05595,-0.4166903121199838,4.3050999999999995,-0.6289000000000007,-0.12746250506688298,2.84055,-2.0934500000000003,-0.4242906364004865,4.3129,-0.6211000000000002,-0.12588163761653834
71,5.681,4.2555,-1.4255000000000004,-0.2509241330751629,3.097,-2.584,-0.4548494983277592,3.2573,-2.4237,-0.42663263509945437,2.57963,-3.10137,-0.5459197324414716,2.67024,-3.01076,-0.5299700756908995,2.7073300000000002,-2.97367,-0.5234412955465587,2.9356999999999998,-2.7453000000000003,-0.4832423869037142,4.1509,-1.5301,-0.26933638443935926,2.90226,-2.77874,-0.48912867452913217,4.153700000000001,-1.5272999999999994,-0.268843513465939
72,3.141,3.0892,-0.05180000000000007,-0.01649156319643428,1.94742,-1.19358,-0.38,2.0887599999999997,-1.0522400000000003,-0.3350015918497295,1.4548,-1.6862,-0.5368354027379815,1.53359,-1.60741,-0.5117510347023241,1.56868,-1.57232,-0.5005794333014963,1.7212399999999999,-1.4197600000000001,-0.4520089143584846,2.8897,-0.2513000000000001,-0.08000636739891756,1.6910299999999998,-1.4499700000000002,-0.4616268704234321,2.9,-0.2410000000000001,-0.07672715695638335
73,5.304,4.1762,-1.1278000000000006,-0.2126319758672701,2.9646,-2.3394000000000004,-0.44106334841628964,3.1189999999999998,-2.1850000000000005,-0.41195324283559587,2.53312,-2.7708800000000005,-0.5224132730015083,2.6244,-2.6796,-0.5052036199095022,2.66099,-2.6430100000000003,-0.4983050527903469,2.91012,-2.3938800000000002,-0.4513348416289593,4.1204,-1.1836000000000002,-0.22315233785822025,2.8773899999999997,-2.4266100000000006,-0.4575056561085974,4.1241,-1.1799,-0.2224547511312217
74,4.871,4.3564,-0.5146000000000006,-0.10564565797577512,3.0509,-1.8201000000000005,-0.3736604393348389,3.2131999999999996,-1.6578000000000008,-0.3403407924450833,2.5869400000000002,-2.28406,-0.4689098747690413,2.68495,-2.1860500000000003,-0.4487887497433792,2.72458,-2.1464200000000004,-0.4406528433586533,2.95316,-1.9178400000000004,-0.39372613426401154,4.226100000000001,-0.6448999999999998,-0.1323958119482652,2.92035,-1.9506500000000004,-0.4004619174707453,4.234999999999999,-0.636000000000001,-0.13056867173065098
75,0.518,0.51222,-0.005780000000000007,0.0,0.18097999999999992,-0.3370200000000001,0.0,0.21560999999999997,-0.30239000000000005,0.0,0.10089999999999999,-0.4171,0.0,0.12220000000000009,-0.39579999999999993,0.0,0.13170000000000015,-0.38629999999999987,0.0,0.20199999999999996,-0.31600000000000006,0.0,0.5175000000000001,-0.0004999999999999449,0.0,0.1932999999999998,-0.3247000000000002,0.0,0.5195000000000001,0.0015000000000000568,0.0
76,1.012,0.94,-0.07200000000000006,-0.0711462450592886,0.33748,-0.67452,-0.6665217391304348,0.4042199999999999,-0.6077800000000001,-0.6005731225296443,0.15900000000000003,-0.853,-0.8428853754940712,0.19979999999999998,-0.8122,-0.8025691699604743,0.21820000000000017,-0.7937999999999998,-0.7843873517786559,0.3387,-0.6733,-0.6653162055335968,0.91933,-0.09267000000000003,-0.09157114624505931,0.3225999999999998,-0.6894000000000002,-0.6812252964426879,0.9225,-0.08950000000000002,-0.08843873517786563
77,2.98,2.4488000000000003,-0.5311999999999997,-0.17825503355704686,1.5772,-1.4028,-0.47073825503355704,1.6861,-1.2939,-0.4341946308724832,1.24535,-1.73465,-0.5820973154362417,1.3093,-1.6707,-0.5606375838926175,1.3356000000000001,-1.6443999999999999,-0.5518120805369127,1.5059299999999998,-1.4740700000000002,-0.49465436241610744,2.37961,-0.60039,-0.2014731543624161,1.48155,-1.49845,-0.5028355704697987,2.38337,-0.5966299999999998,-0.20021140939597307
78,3.083,2.4606,-0.6224000000000003,-0.2018812844631853,1.59046,-1.4925400000000002,-0.4841193642555952,1.69768,-1.38532,-0.4493415504378852,1.27625,-1.80675,-0.5860363282517029,1.33841,-1.74459,-0.5658741485566007,1.36584,-1.7171600000000002,-0.5569769704832955,1.53825,-1.5447500000000003,-0.5010541680181642,2.40386,-0.6791400000000003,-0.2202854362633799,1.5141199999999997,-1.5688800000000005,-0.5088809601037951,2.40837,-0.6746300000000001,-0.21882257541355823
79,3.129,2.5223,-0.6067,-0.1938958133589006,1.6247099999999999,-1.5042900000000001,-0.4807574304889742,1.73671,-1.39229,-0.444963247043784,1.3161399999999999,-1.8128600000000001,-0.5793736017897092,1.3820999999999999,-1.7469000000000001,-0.5582933844678811,1.40883,-1.72017,-0.5497507190795782,1.59259,-1.53641,-0.4910226909555769,2.4747500000000002,-0.6542499999999998,-0.20909236177692547,1.5687599999999997,-1.5602400000000003,-0.4986385426653884,2.47789,-0.6511100000000001,-0.20808884627676577
80,3.031,2.5198,-0.5112000000000001,-0.16865720884196636,1.7467899999999998,-1.2842100000000003,-0.423691850874299,1.85039,-1.1806100000000002,-0.3895117123061696,1.44156,-1.5894400000000002,-0.5243945892444738,1.50132,-1.5296800000000002,-0.5046783239854834,1.5254100000000002,-1.50559,-0.4967304519960409,1.67847,-1.3525300000000002,-0.446232266578687,2.4657,-0.5653000000000001,-0.18650610359617292,1.6582599999999998,-1.3727400000000003,-0.4529000329924118,2.46751,-0.5634900000000003,-0.18590894094358307
81,3.043,3.2702999999999998,0.2272999999999996,0.07469602366086087,2.08796,-0.9550400000000003,-0.31384817614196525,2.2488,-0.7942,-0.26099244166940516,1.59703,-1.4459700000000002,-0.47517909957279003,1.69914,-1.34386,-0.44162339796253697,1.7415200000000002,-1.30148,-0.4276963522839303,1.9743199999999999,-1.0686800000000003,-0.35119290174170237,3.1558,0.11280000000000001,0.03706868222149195,1.9441499999999998,-1.0988500000000003,-0.3611074597436741,3.1612999999999998,0.11829999999999963,0.038876109102858894
82,3.643,3.3526,-0.2904,-0.0797145209991765,2.04814,-1.5948599999999997,-0.43778753774361784,2.2152,-1.4278,-0.3919297282459511,1.5636999999999999,-2.0793,-0.5707658523195169,1.6611500000000001,-1.9818499999999997,-0.5440159209442766,1.70361,-1.9393899999999997,-0.5323606917375788,1.9759099999999998,-1.66709,-0.4576146033488883,3.278,-0.36499999999999977,-0.10019214932747729,1.9392399999999999,-1.70376,-0.4676804831183091,3.2858,-0.35719999999999974,-0.09805105682130107
83,3.436,3.7862999999999998,0.35029999999999983,0.10194994179278226,2.1885,-1.2475,-0.3630675203725262,2.3882,-1.0478,-0.3049476135040745,1.55437,-1.88163,-0.5476222351571595,1.67572,-1.7602799999999998,-0.5123050058207217,1.727,-1.7089999999999999,-0.49738067520372525,2.01889,-1.41711,-0.41243015133876604,3.6295,0.19350000000000023,0.05631548311990694,1.9762699999999997,-1.4597300000000002,-0.42483410942956934,3.6408,0.2048000000000001,0.05960419091967407
84,3.915,3.6189999999999998,-0.29600000000000026,-0.07560664112388257,2.0161,-1.8989000000000003,-0.4850319284802044,2.2042,-1.7107999999999999,-0.43698595146871005,1.39135,-2.52365,-0.644610472541507,1.50878,-2.4062200000000002,-0.6146155810983398,1.55708,-2.35792,-0.6022784163473819,1.86811,-2.0468900000000003,-0.5228326947637293,3.4926,-0.4224000000000001,-0.10789272030651344,1.8255799999999998,-2.0894200000000005,-0.5336960408684548,3.5012,-0.41380000000000017,-0.1056960408684547
85,4.501,3.189,-1.3120000000000003,-0.29149077982670524,2.3147,-2.1863,-0.48573650299933346,2.4394,-2.0616000000000003,-0.45803154854476785,1.788587,-2.7124130000000006,-0.6026245278826928,1.855928,-2.6450720000000003,-0.5876631859586758,1.884625,-2.6163750000000006,-0.5812874916685182,2.03364,-2.46736,-0.5481804043545879,3.0503,-1.4507000000000003,-0.32230615418795827,2.00695,-2.4940500000000005,-0.554110197733837,3.0506,-1.4504000000000001,-0.32223950233281495
86,3.977,3.9863,0.009300000000000086,0.0023384460648730415,2.8476,-1.1294,-0.28398290168468693,2.9998,-0.9771999999999998,-0.2457128488810661,2.38178,-1.5952199999999999,-0.4011113904953482,2.47311,-1.5038899999999997,-0.3781468443550414,2.5117700000000003,-1.4652299999999996,-0.3684259492079456,2.72193,-1.25507,-0.315582097058084,3.8623,-0.11470000000000002,-0.028840834800100586,2.69252,-1.2844799999999998,-0.3229771184309781,3.8692,-0.10779999999999967,-0.027105858687452772
87,5.306,4.1270999999999995,-1.1789000000000005,-0.22218243497926884,2.9185,-2.3875,-0.4499623068224652,3.0732999999999997,-2.2327000000000004,-0.4207877874104788,2.4809799999999997,-2.8250200000000003,-0.5324199019977385,2.57214,-2.73386,-0.5152393516773464,2.61056,-2.69544,-0.5079984922728986,2.8551599999999997,-2.4508400000000004,-0.4618997361477573,4.0585,-1.2474999999999996,-0.23511119487372778,2.8215,-2.4845,-0.46824349792687525,4.0618,-1.2442000000000002,-0.2344892574444026
88,5.219,4.0904,-1.1286000000000005,-0.21624832343360806,2.8975999999999997,-2.3214000000000006,-0.4447978539950183,3.0509,-2.1681000000000004,-0.415424410806668,2.45531,-2.7636900000000004,-0.5295439739413681,2.5465,-2.6725000000000003,-0.5120712780226098,2.58256,-2.6364400000000003,-0.5051619084115732,2.82639,-2.3926100000000003,-0.4584422303123204,4.0206,-1.1984000000000004,-0.22962253305230892,2.79575,-2.4232500000000003,-0.46431308679823724,4.0242,-1.1947999999999999,-0.22893274573673114
89,5.197,4.1601,-1.0369000000000002,-0.1995189532422552,2.9511000000000003,-2.2459,-0.4321531652876659,3.105,-2.092,-0.40253992688089285,2.47198,-2.72502,-0.5243448143159516,2.5632900000000003,-2.6337099999999998,-0.5067750625360784,2.60012,-2.59688,-0.49968828170098134,2.83509,-2.36191,-0.4544756590340581,4.0717,-1.1253000000000002,-0.21652876659611317,2.8033799999999998,-2.3936200000000003,-0.4605772561092939,4.0755,-1.1215000000000002,-0.215797575524341
90,5.25,5.0202,-0.2298,-0.04377142857142857,3.314,-1.936,-0.36876190476190474,3.5374,-1.7126000000000001,-0.32620952380952384,2.622,-2.628,-0.5005714285714286,2.75531,-2.49469,-0.4751790476190476,2.81081,-2.43919,-0.46460761904761905,3.12295,-2.12705,-0.405152380952381,4.8307,-0.4192999999999998,-0.07986666666666663,3.07915,-2.17085,-0.41349523809523814,4.8414,-0.40859999999999985,-0.0778285714285714
91,5.777,5.2364,-0.5406000000000004,-0.09357798165137622,3.4149,-2.3621000000000003,-0.40888004154405405,3.6474,-2.1296,-0.368634239224511,2.77911,-2.99789,-0.5189354336160636,2.9191000000000003,-2.8579,-0.494703133114073,2.9763,-2.8007,-0.4848018002423403,3.3578,-2.4192,-0.41876406439328373,5.132899999999999,-0.6441000000000008,-0.11149385494201156,3.3088999999999995,-2.4681000000000006,-0.4272286653972651,5.1413,-0.6356999999999999,-0.11003981305175695
92,5.772,4.9325,-0.8395000000000001,-0.14544352044352046,3.3529,-2.4191000000000003,-0.41910949410949416,3.5553999999999997,-2.2166000000000006,-0.3840263340263341,2.85843,-2.9135700000000004,-0.5047765072765074,2.9806,-2.7914000000000003,-0.48361053361053363,3.0282,-2.7438000000000002,-0.4753638253638254,3.3644,-2.4076000000000004,-0.4171171171171172,4.8896999999999995,-0.8823000000000008,-0.15285862785862797,3.3229999999999995,-2.4490000000000007,-0.4242896742896744,4.8964,-0.8756000000000004,-0.15169785169785174
93,6.667,5.0835,-1.5835,-0.2375131243437828,3.6036,-3.0633999999999997,-0.4594870256487175,3.8034999999999997,-2.8635,-0.42950352482375886,3.0008999999999997,-3.6661,-0.5498875056247188,3.1138000000000003,-3.5531999999999995,-0.5329533523323833,3.1586,-3.5084,-0.5262336883155843,3.453,-3.214,-0.48207589620518976,4.9771,-1.6898999999999997,-0.2534723263836808,3.4120999999999997,-3.2549,-0.4882105894705265,4.980700000000001,-1.6862999999999992,-0.2529323533823308
94,5.641,5.1163,-0.5247000000000002,-0.09301542279737639,3.8275,-1.8135,-0.3214855522070555,4.0022,-1.6387999999999998,-0.290515865981209,3.3525,-2.2885,-0.4056904804112746,3.4619,-2.1791,-0.386296755894345,3.5057,-2.1353,-0.37853217514625065,3.7977,-1.8433000000000002,-0.32676830349228864,5.0695,-0.5715000000000003,-0.10131182414465527,3.7615999999999996,-1.8794000000000004,-0.33316787803580933,5.0738,-0.5671999999999997,-0.10054954795249064
95,7.791,7.0176,-0.7734000000000005,-0.09926838659992306,5.2346,-2.5564,-0.32812219227313566,5.471,-2.3200000000000003,-0.29777948915415225,4.6566,-3.1344000000000003,-0.40231035810550636,4.8043000000000005,-2.9867,-0.3833525863175459,4.8618,-2.9292000000000007,-0.375972275702734,5.2432,-2.5478000000000005,-0.32701835451161604,6.946899999999999,-0.844100000000001,-0.10834295982543973,5.196199999999999,-2.594800000000001,-0.33305095623154934,6.9552,-0.8358000000000008,-0.10727762803234511
